id,bill_id,customer_id,invoice_date,year,month,total_rent_cost,received_total_rent_cost,pending_rent_cost,actual_total_security_deposit_amount,received_total_security_deposit_amount,pending_security_amount,received_total_processing_fee,received__total_installation_fee,followup_status,remarks,is_paid_total_amount,invoice_status,due_date,tax,discount_amount,discount_type,discount_reason,Late_Payment_Charge,invoice_mail_status,invoice_sms_status
14118,,EV0102,,2018,Aug,1016.95,0.00,1200.00,0.00,0.00,0,0.00,0.00,,,0,,,183.05,0,0,,0.00,1,0
14119,,PR0002,,2018,Aug,1016.95,0.00,1200.00,0.00,0.00,0,0.00,0.00,,,0,,,183.05,0,0,,0.00,1,0
14120,,PR0003,,2018,Aug,593.22,0.00,200.00,0.00,0.00,0,0.00,0.00,,,0,,,106.78,0,0,,0.00,1,0
14121,,PR0021,,2018,Aug,2358.32,0.00,3790.01,0.00,0.00,0,0.00,0.00,,,0,,,541.69,0,0,,0.00,1,0
14122,,PR0034,,2018,Aug,593.22,0.00,700.00,0.00,0.00,0,0.00,0.00,,,0,,,106.78,0,0,,0.00,1,0
14123,,PR0035,,2018,Aug,1921.35,0.00,2400.01,0.00,0.00,0,0.00,0.00,,,0,,,478.66,0,0,,0.00,1,0
14124,,PR0040,,2018,Aug,1472.46,0.00,1800.00,0.00,0.00,0,0.00,0.00,,,0,,,327.54,0,0,,0.00,1,0
14125,,PR0048,,2018,Aug,3654.66,0.00,4500.00,0.00,0.00,0,0.00,0.00,,,0,,,845.34,0,0,,0.00,1,0
14126,,PR0049,,2018,Aug,1101.69,0.00,1299.99,0.00,0.00,0,0.00,0.00,,,0,,,198.30,0,0,,0.00,1,0
14127,,PR0052,,2018,Aug,1186.44,0.00,2800.00,0.00,0.00,0,0.00,0.00,,,0,,,213.56,0,0,,0.00,1,0
14128,,PR0055,,2018,Aug,508.47,0.00,599.99,0.00,0.00,0,0.00,0.00,,,0,,,91.52,0,0,,0.00,1,0
14129,,PR0062,,2018,Aug,1250.00,0.00,1600.00,0.00,0.00,0,0.00,0.00,,,0,,,350.00,0,0,,0.00,1,0
14130,,PR0074,,2018,Aug,508.47,0.00,-0.01,0.00,0.00,0,0.00,0.00,,,0,,,91.52,0,0,,0.00,1,0
14131,,PR0075,,2018,Aug,593.22,0.00,700.00,0.00,0.00,0,0.00,0.00,,,0,,,106.78,0,0,,0.00,1,0
14132,,PR0095,,2018,Aug,593.22,0.00,700.00,0.00,0.00,0,0.00,0.00,,,0,,,106.78,0,0,,0.00,1,0
14133,,PR0122,,2018,Aug,508.47,0.00,599.99,0.00,0.00,0,0.00,0.00,,,0,,,91.52,0,0,,0.00,1,0
14134,,PR0123,,2018,Aug,3050.84,0.00,3599.98,0.00,0.00,0,0.00,0.00,,,0,,,549.14,0,0,,0.00,1,0
14135,,PR0124,,2018,Aug,1101.69,0.00,1299.99,0.00,0.00,0,0.00,0.00,,,0,,,198.30,0,0,,0.00,1,0
14136,,PR0126,,2018,Aug,6640.64,0.00,8500.03,0.00,0.00,0,0.00,0.00,,,0,,,1859.39,0,0,,0.00,1,0
14137,,PR0129,,2018,Aug,593.22,0.00,665.00,0.00,0.00,0,0.00,0.00,,,0,,,106.78,0,0,,0.00,1,0
14138,,PR0133,,2018,Aug,625.00,0.00,800.00,0.00,0.00,0,0.00,0.00,,,0,,,175.00,0,0,,0.00,1,0
14139,,PR0135,,2018,Aug,593.22,0.00,700.00,0.00,0.00,0,0.00,0.00,,,0,,,106.78,0,0,,0.00,1,0
14140,,PR0140,,2018,Aug,1680.35,0.00,2100.00,0.00,0.00,0,0.00,0.00,,,0,,,419.65,0,0,,0.00,1,0
14141,,PR0143,,2018,Aug,2390.10,0.00,3000.01,0.00,0.00,0,0.00,0.00,,,0,,,609.91,0,0,,0.00,1,0
14142,,PR0145,,2018,Aug,593.22,0.00,700.00,0.00,0.00,0,0.00,0.00,,,0,,,106.78,0,0,,0.00,1,0
14143,,PR0148,,2018,Aug,937.50,0.00,1200.00,0.00,0.00,0,0.00,0.00,,,0,,,262.50,0,0,,0.00,1,0
14144,,PR0151,,2018,Aug,508.47,0.00,599.99,0.00,0.00,0,0.00,0.00,,,0,,,91.52,0,0,,0.00,1,0
14145,,PR0154,,2018,Aug,1101.69,0.00,1299.99,0.00,0.00,0,0.00,0.00,,,0,,,198.30,0,0,,0.00,1,0
14146,,PR0178,,2018,Aug,1133.47,0.00,1399.99,0.00,0.00,0,0.00,0.00,,,0,,,266.52,0,0,,0.00,1,0
14147,,PR0180A,,2018,Aug,1562.50,0.00,2000.00,0.00,0.00,0,0.00,0.00,,,0,,,437.50,0,0,,0.00,1,0
14148,,PR0187,,2018,Aug,1867.82,0.00,2280.64,0.00,0.00,0,0.00,0.00,,,0,,,412.82,0,0,,0.00,1,0
14149,,PR0194,,2018,Aug,593.22,0.00,700.00,0.00,0.00,0,0.00,0.00,,,0,,,106.78,0,0,,0.00,1,0
14150,,PR0196,,2018,Aug,1101.69,0.00,1299.99,0.00,0.00,0,0.00,0.00,,,0,,,198.30,0,0,,0.00,1,0
14151,,PR0200,,2018,Aug,1101.69,0.00,1299.99,0.00,0.00,0,0.00,0.00,,,0,,,198.30,0,0,,0.00,1,0
14152,,PR0201,,2018,Aug,762.71,0.00,900.00,0.00,0.00,0,0.00,0.00,,,0,,,137.29,0,0,,0.00,1,0
14153,,PR0202,,2018,Aug,593.22,0.00,700.00,0.00,0.00,0,0.00,0.00,,,0,,,106.78,0,0,,0.00,1,0
14154,,PR0209,,2018,Aug,593.22,0.00,30.00,0.00,0.00,0,0.00,0.00,,,0,,,106.78,0,0,,0.00,1,0
14155,,PR0225,,2018,Aug,508.47,0.00,599.99,0.00,0.00,0,0.00,0.00,,,0,,,91.52,0,0,,0.00,1,0
14156,,PR0229,,2018,Aug,592.37,0.00,699.00,0.00,0.00,0,0.00,0.00,,,0,,,106.63,0,0,,0.00,1,0
14157,,PR0235,,2018,Aug,508.47,0.00,599.99,0.00,0.00,0,0.00,0.00,,,0,,,91.52,0,0,,0.00,1,0
14158,,PR0249,,2018,Aug,1100.84,0.00,1298.99,0.00,0.00,0,0.00,0.00,,,0,,,198.15,0,0,,0.00,1,0
14159,,PR0270,,2018,Aug,593.22,0.00,700.00,0.00,0.00,0,0.00,0.00,,,0,,,106.78,0,0,,0.00,1,0
14160,,PR0271,,2018,Aug,446.43,0.00,500.00,0.00,0.00,0,0.00,0.00,,,0,,,53.57,0,0,,0.00,1,0
14161,,PR0275,,2018,Aug,593.22,0.00,700.00,0.00,0.00,0,0.00,0.00,,,0,,,106.78,0,0,,0.00,1,0
14162,,PR0278,,2018,Aug,508.47,0.00,599.99,0.00,0.00,0,0.00,0.00,,,0,,,91.52,0,0,,0.00,1,0
14163,,PR0297,,2018,Aug,625.00,0.00,800.00,0.00,0.00,0,0.00,0.00,,,0,,,175.00,0,0,,0.00,1,0
14164,,PR0310,,2018,Aug,1133.47,0.00,1399.99,0.00,0.00,0,0.00,0.00,,,0,,,266.52,0,0,,0.00,1,0
14165,,PR0325,,2018,Aug,1101.69,0.00,1299.99,0.00,0.00,0,0.00,0.00,,,0,,,198.30,0,0,,0.00,1,0
14166,,PR0331,,2018,Aug,593.22,0.00,700.00,0.00,0.00,0,0.00,0.00,,,0,,,106.78,0,0,,0.00,1,0
14167,,PR0333,,2018,Aug,2812.50,0.00,3600.00,0.00,0.00,0,0.00,0.00,,,0,,,787.50,0,0,,0.00,1,0
14168,,PR0335,,2018,Aug,1101.69,0.00,39.99,0.00,0.00,0,0.00,0.00,,,0,,,198.30,0,0,,0.00,1,0
14169,,PR0341,,2018,Aug,1101.69,0.00,579.99,0.00,0.00,0,0.00,0.00,,,0,,,198.30,0,0,,0.00,1,0
14170,,PR0342,,2018,Aug,593.22,0.00,700.00,0.00,0.00,0,0.00,0.00,,,0,,,106.78,0,0,,0.00,1,0
14171,,PR0355,,2018,Aug,593.22,0.00,676.00,0.00,0.00,0,0.00,0.00,,,0,,,106.78,0,0,,0.00,1,0
14172,,PR0357,,2018,Aug,1101.69,0.00,1299.99,0.00,0.00,0,0.00,0.00,,,0,,,198.30,0,0,,0.00,1,0
14173,,PR0361,,2018,Aug,508.47,0.00,599.99,0.00,0.00,0,0.00,0.00,,,0,,,91.52,0,0,,0.00,1,0
14174,,PR0364,,2018,Aug,1101.69,0.00,1299.99,0.00,0.00,0,0.00,0.00,,,0,,,198.30,0,0,,0.00,1,0
14175,,PR0365,,2018,Aug,1101.69,0.00,1299.99,0.00,0.00,0,0.00,0.00,,,0,,,198.30,0,0,,0.00,1,0
14176,,PR0372,,2018,Aug,625.00,0.00,0.00,0.00,0.00,0,0.00,0.00,,,0,,,175.00,0,0,,0.00,1,0
14177,,PR0377,,2018,Aug,593.22,0.00,700.00,0.00,0.00,0,0.00,0.00,,,0,,,106.78,0,0,,0.00,1,0
14178,,PR0381,,2018,Aug,1101.69,0.00,-0.01,0.00,0.00,0,0.00,0.00,,,0,,,198.30,0,0,,0.00,1,0
14179,,PR0387,,2018,Aug,508.47,0.00,599.99,0.00,0.00,0,0.00,0.00,,,0,,,91.52,0,0,,0.00,1,0
14180,,PR0393,,2018,Aug,1101.69,0.00,1299.99,0.00,0.00,0,0.00,0.00,,,0,,,198.30,0,0,,0.00,1,0
14181,,PR0394,,2018,Aug,2273.57,0.00,2800.00,0.00,0.00,0,0.00,0.00,,,0,,,526.43,0,0,,0.00,1,0
14182,,PR0396,,2018,Aug,1641.95,0.00,2000.00,0.00,0.00,0,0.00,0.00,,,0,,,358.05,0,0,,0.00,1,0
14183,,PR0403,,2018,Aug,1101.69,0.00,1299.99,0.00,0.00,0,0.00,0.00,,,0,,,198.30,0,0,,0.00,1,0
14184,,PR0404,,2018,Aug,1101.69,0.00,922.99,0.00,0.00,0,0.00,0.00,,,0,,,198.30,0,0,,0.00,1,0
14185,,PR0405,,2018,Aug,593.22,0.00,700.00,0.00,0.00,0,0.00,0.00,,,0,,,106.78,0,0,,0.00,1,0
14186,,PR0406,,2018,Aug,508.47,0.00,599.99,0.00,0.00,0,0.00,0.00,,,0,,,91.52,0,0,,0.00,1,0
14187,,PR0410,,2018,Aug,338.98,0.00,400.00,0.00,0.00,0,0.00,0.00,,,0,,,61.02,0,0,,0.00,1,0
14188,,PR0414,,2018,Aug,593.22,0.00,700.00,0.00,0.00,0,0.00,0.00,,,0,,,106.78,0,0,,0.00,1,0
14189,,PR0429,,2018,Aug,593.22,0.00,700.00,0.00,0.00,0,0.00,0.00,,,0,,,106.78,0,0,,0.00,1,0
14190,,PR0431,,2018,Aug,1101.69,0.00,1299.99,0.00,0.00,0,0.00,0.00,,,0,,,198.30,0,0,,0.00,1,0
14191,,PR0435,,2018,Aug,593.22,0.00,700.00,0.00,0.00,0,0.00,0.00,,,0,,,106.78,0,0,,0.00,1,0
14192,,PR0447,,2018,Aug,932.20,0.00,1099.99,0.00,0.00,0,0.00,0.00,,,0,,,167.79,0,0,,0.00,1,0
14193,,PR0456,,2018,Aug,1101.69,0.00,1299.99,0.00,0.00,0,0.00,0.00,,,0,,,198.30,0,0,,0.00,1,0
14194,,PR0463,,2018,Aug,1525.42,0.00,1799.99,0.00,0.00,0,0.00,0.00,,,0,,,274.57,0,0,,0.00,1,0
14195,,PR0473,,2018,Aug,436.03,0.00,514.52,0.00,0.00,0,0.00,0.00,,,0,,,78.49,0,0,,0.00,1,0
14196,,PR0475,,2018,Aug,423.73,0.00,500.00,0.00,0.00,0,0.00,0.00,,,0,,,76.27,0,0,,0.00,1,0
14197,,PR0481,,2018,Aug,2039.19,0.00,2499.99,0.00,0.00,0,0.00,0.00,,,0,,,460.80,0,0,,0.00,1,0
14198,,PR0484,,2018,Aug,593.22,0.00,700.00,0.00,0.00,0,0.00,0.00,,,0,,,106.78,0,0,,0.00,1,0
14199,,PR0497,,2018,Aug,847.46,0.00,1000.00,0.00,0.00,0,0.00,0.00,,,0,,,152.54,0,0,,0.00,1,0
14200,,PR0509,,2018,Aug,593.22,0.00,700.00,0.00,0.00,0,0.00,0.00,,,0,,,106.78,0,0,,0.00,1,0
14201,,PR0513,,2018,Aug,847.46,0.00,1000.00,0.00,0.00,0,0.00,0.00,,,0,,,152.54,0,0,,0.00,1,0
14202,,PR0515,,2018,Aug,593.22,0.00,700.00,0.00,0.00,0,0.00,0.00,,,0,,,106.78,0,0,,0.00,1,0
14203,,PR0520,,2018,Aug,1530.72,0.00,1900.00,0.00,0.00,0,0.00,0.00,,,0,,,369.28,0,0,,0.00,1,0
14204,,PR0524,,2018,Aug,593.22,0.00,0.00,0.00,0.00,0,0.00,0.00,,,0,,,106.78,0,0,,0.00,1,0
14205,,PR0532,,2018,Aug,508.47,0.00,-0.01,0.00,0.00,0,0.00,0.00,,,0,,,91.52,0,0,,0.00,1,0
14206,,PR0533,,2018,Aug,1147.46,0.00,1354.00,0.00,0.00,0,0.00,0.00,,,0,,,206.54,0,0,,0.00,1,0
14207,,PR0533A,,2018,Aug,1200.85,0.00,1417.00,0.00,0.00,0,0.00,0.00,,,0,,,216.15,0,0,,0.00,1,0
14208,,PR0533B,,2018,Aug,5032.87,0.00,6322.00,0.00,0.00,0,0.00,0.00,,,0,,,1289.13,0,0,,0.00,1,0
14209,,PR0533C,,2018,Aug,5032.87,0.00,6322.00,0.00,0.00,0,0.00,0.00,,,0,,,1289.13,0,0,,0.00,1,0
14210,,PR0533D,,2018,Aug,5032.87,0.00,6322.00,0.00,0.00,0,0.00,0.00,,,0,,,1289.13,0,0,,0.00,1,0
14211,,PR0533E,,2018,Aug,5032.87,0.00,6322.00,0.00,0.00,0,0.00,0.00,,,0,,,1289.13,0,0,,0.00,1,0
14212,,PR0533F,,2018,Aug,5032.87,0.00,6322.00,0.00,0.00,0,0.00,0.00,,,0,,,1289.13,0,0,,0.00,1,0
14213,,PR0533G,,2018,Aug,1200.85,0.00,1417.00,0.00,0.00,0,0.00,0.00,,,0,,,216.15,0,0,,0.00,1,0
14214,,PR0533H,,2018,Aug,3755.53,0.00,4687.00,0.00,0.00,0,0.00,0.00,,,0,,,931.47,0,0,,0.00,1,0
14215,,PR0533I,,2018,Aug,3789.98,0.00,5663.00,0.00,0.00,0,0.00,0.00,,,0,,,940.02,0,0,,0.00,1,0
14216,,PR0534,,2018,Aug,1101.69,0.00,1299.99,0.00,0.00,0,0.00,0.00,,,0,,,198.30,0,0,,0.00,1,0
14217,,PR0537,,2018,Aug,1355.93,0.00,1599.99,0.00,0.00,0,0.00,0.00,,,0,,,244.06,0,0,,0.00,1,0
14218,,PR0548,,2018,Aug,1171.88,0.00,1500.01,0.00,0.00,0,0.00,0.00,,,0,,,328.13,0,0,,0.00,1,0
14219,,PR0550,,2018,Aug,593.22,0.00,900.00,0.00,0.00,0,0.00,0.00,,,0,,,106.78,0,0,,0.00,1,0
14220,,PR0560,,2018,Aug,625.00,0.00,800.00,0.00,0.00,0,0.00,0.00,,,0,,,175.00,0,0,,0.00,1,0
14221,,PR0565,,2018,Aug,3125.00,0.00,4000.00,0.00,0.00,0,0.00,0.00,,,0,,,875.00,0,0,,0.00,1,0
14222,,PR0568,,2018,Aug,1843.22,0.00,2100.00,0.00,0.00,0,0.00,0.00,,,0,,,456.78,0,0,,0.00,1,0
14223,,PR0574,,2018,Aug,461.02,0.00,832.00,0.00,0.00,0,0.00,0.00,,,0,,,82.98,0,0,,0.00,1,0
14224,,PR0577,,2018,Aug,1101.69,0.00,1299.99,0.00,0.00,0,0.00,0.00,,,0,,,198.30,0,0,,0.00,1,0
14225,,PR0581,,2018,Aug,1171.88,0.00,1500.01,0.00,0.00,0,0.00,0.00,,,0,,,328.13,0,0,,0.00,1,0
14226,,PR0582,,2018,Aug,1250.00,0.00,1600.00,0.00,0.00,0,0.00,0.00,,,0,,,350.00,0,0,,0.00,1,0
14227,,PR0589,,2018,Aug,508.47,0.00,599.99,0.00,0.00,0,0.00,0.00,,,0,,,91.52,0,0,,0.00,1,0
14228,,PR0591,,2018,Aug,2039.19,0.00,2499.99,0.00,0.00,0,0.00,0.00,,,0,,,460.80,0,0,,0.00,1,0
14229,,PR0595,,2018,Aug,1171.88,0.00,1500.01,0.00,0.00,0,0.00,0.00,,,0,,,328.13,0,0,,0.00,1,0
14230,,PR0615,,2018,Aug,593.22,0.00,700.00,0.00,0.00,0,0.00,0.00,,,0,,,106.78,0,0,,0.00,1,0
14231,,PR0616,,2018,Aug,1101.69,0.00,1299.99,0.00,0.00,0,0.00,0.00,,,0,,,198.30,0,0,,0.00,1,0
14232,,PR0621,,2018,Aug,1640.63,0.00,2100.01,0.00,0.00,0,0.00,0.00,,,0,,,459.38,0,0,,0.00,1,0
14233,,PR0622,,2018,Aug,593.22,0.00,700.00,0.00,0.00,0,0.00,0.00,,,0,,,106.78,0,0,,0.00,1,0
14234,,PR0623,,2018,Aug,508.47,0.00,599.99,0.00,0.00,0,0.00,0.00,,,0,,,91.52,0,0,,0.00,1,0
14235,,PR0625,,2018,Aug,1275.00,0.00,1632.00,0.00,0.00,0,0.00,0.00,,,0,,,357.00,0,0,,0.00,1,0
14236,,PR0627,,2018,Aug,625.00,0.00,800.00,0.00,0.00,0,0.00,0.00,,,0,,,175.00,0,0,,0.00,1,0
14237,,PR0628,,2018,Aug,1171.88,0.00,1500.01,0.00,0.00,0,0.00,0.00,,,0,,,328.13,0,0,,0.00,1,0
14238,,PR0630,,2018,Aug,1101.69,0.00,1299.99,0.00,0.00,0,0.00,0.00,,,0,,,198.30,0,0,,0.00,1,0
14239,,PR0634,,2018,Aug,508.47,0.00,599.99,0.00,0.00,0,0.00,0.00,,,0,,,91.52,0,0,,0.00,1,0
14240,,PR0635,,2018,Aug,2474.85,0.00,3100.01,0.00,0.00,0,0.00,0.00,,,0,,,625.16,0,0,,0.00,1,0
14241,,PR0641,,2018,Aug,593.22,0.00,1110.00,0.00,0.00,0,0.00,0.00,,,0,,,106.78,0,0,,0.00,1,0
14242,,PR0647,,2018,Aug,1101.69,0.00,1299.99,0.00,0.00,0,0.00,0.00,,,0,,,198.30,0,0,,0.00,1,0
14243,,PR0648,,2018,Aug,508.47,0.00,599.99,0.00,0.00,0,0.00,0.00,,,0,,,91.52,0,0,,0.00,1,0
14244,,PR0649,,2018,Aug,508.47,0.00,599.99,0.00,0.00,0,0.00,0.00,,,0,,,91.52,0,0,,0.00,1,0
14245,,PR0658,,2018,Aug,593.22,0.00,780.00,0.00,0.00,0,0.00,0.00,,,0,,,106.78,0,0,,0.00,1,0
14246,,PR0662,,2018,Aug,2707.63,0.00,3195.00,0.00,0.00,0,0.00,0.00,,,0,,,487.37,0,0,,0.00,1,0
14247,,PR0678,,2018,Aug,423.73,0.00,500.00,0.00,0.00,0,0.00,0.00,,,0,,,76.27,0,0,,0.00,1,0
14248,,PR0679,,2018,Aug,2980.53,0.00,3584.99,0.00,0.00,0,0.00,0.00,,,0,,,604.46,0,0,,0.00,1,0
14249,,PR0681,,2018,Aug,1100.00,0.00,1316.00,0.00,0.00,0,0.00,0.00,,,0,,,198.00,0,0,,0.00,1,0
14251,,PR0691,,2018,Aug,1275.00,0.00,1632.00,0.00,0.00,0,0.00,0.00,,,0,,,357.00,0,0,,0.00,1,0
14252,,PR0699,,2018,Aug,4921.69,0.00,5879.99,0.00,0.00,0,0.00,0.00,,,0,,,948.30,0,0,,0.00,1,0
14253,,PR0708,,2018,Aug,1342.27,0.00,1583.87,0.00,0.00,0,0.00,0.00,,,0,,,241.60,0,0,,0.00,1,0
14254,,PR0710,,2018,Aug,507.63,0.00,599.00,0.00,0.00,0,0.00,0.00,,,0,,,91.37,0,0,,0.00,1,0
14255,,PR0713,,2018,Aug,592.37,0.00,699.00,0.00,0.00,0,0.00,0.00,,,0,,,106.63,0,0,,0.00,1,0
14256,,PR0714,,2018,Aug,1014.21,0.00,1196.77,0.00,0.00,0,0.00,0.00,,,0,,,182.56,0,0,,0.00,1,0
14257,,PR0720,,2018,Aug,507.63,0.00,596.00,0.00,0.00,0,0.00,0.00,,,0,,,91.37,0,0,,0.00,1,0
14258,,PR0721,,2018,Aug,507.63,0.00,599.00,0.00,0.00,0,0.00,0.00,,,0,,,91.37,0,0,,0.00,1,0
14259,,PR0723,,2018,Aug,592.37,0.00,699.00,0.00,0.00,0,0.00,0.00,,,0,,,106.63,0,0,,0.00,1,0
14260,,PR0725,,2018,Aug,847.46,0.00,1000.00,0.00,0.00,0,0.00,0.00,,,0,,,152.54,0,0,,0.00,1,0
14261,,PR0727,,2018,Aug,592.37,0.00,699.00,0.00,0.00,0,0.00,0.00,,,0,,,106.63,0,0,,0.00,1,0
14262,,PR0728,,2018,Aug,592.37,0.00,699.00,0.00,0.00,0,0.00,0.00,,,0,,,106.63,0,0,,0.00,1,0
14263,,PR0729,,2018,Aug,592.37,0.00,699.00,0.00,0.00,0,0.00,0.00,,,0,,,106.63,0,0,,0.00,1,0
14264,,PR0732,,2018,Aug,461.02,0.00,544.00,0.00,0.00,0,0.00,0.00,,,0,,,82.98,0,0,,0.00,1,0
14265,,PR0738,,2018,Aug,592.37,0.00,699.00,0.00,0.00,0,0.00,0.00,,,0,,,106.63,0,0,,0.00,1,0
14266,,PR0739,,2018,Aug,1275.00,0.00,1632.00,0.00,0.00,0,0.00,0.00,,,0,,,357.00,0,0,,0.00,1,0
14267,,PR0740,,2018,Aug,507.63,0.00,599.00,0.00,0.00,0,0.00,0.00,,,0,,,91.37,0,0,,0.00,1,0
14268,,PR0743,,2018,Aug,3294.91,0.00,3968.00,0.00,0.00,0,0.00,0.00,,,0,,,673.09,0,0,,0.00,1,0
14269,,PR0745,,2018,Aug,1131.85,0.00,0.00,0.00,0.00,0,0.00,0.00,,,0,,,266.15,0,0,,0.00,1,0
14270,,PR0747,,2018,Aug,1275.00,0.00,1716.00,0.00,0.00,0,0.00,0.00,,,0,,,357.00,0,0,,0.00,1,0
14271,,PR0748,,2018,Aug,1980.08,0.00,2399.00,0.00,0.00,0,0.00,0.00,,,0,,,418.92,0,0,,0.00,1,0
14272,,PR0751,,2018,Aug,1275.00,0.00,1632.00,0.00,0.00,0,0.00,0.00,,,0,,,357.00,0,0,,0.00,1,0
14273,,PR0752,,2018,Aug,1100.00,0.00,1298.00,0.00,0.00,0,0.00,0.00,,,0,,,198.00,0,0,,0.00,1,0
14274,,PR0753,,2018,Aug,1706.78,0.00,2014.00,0.00,0.00,0,0.00,0.00,,,0,,,307.22,0,0,,0.00,1,0
14275,,PR0755,,2018,Aug,624.22,0.00,0.00,0.00,0.00,0,0.00,0.00,,,0,,,174.78,0,0,,0.00,1,0
14276,,PR0762,,2018,Aug,507.63,0.00,0.00,0.00,0.00,0,0.00,0.00,,,0,,,91.37,0,0,,0.00,1,0
14277,,PR0763,,2018,Aug,624.22,0.00,799.00,0.00,0.00,0,0.00,0.00,,,0,,,174.78,0,0,,0.00,1,0
14278,,PR0766,,2018,Aug,592.37,0.00,699.00,0.00,0.00,0,0.00,0.00,,,0,,,106.63,0,0,,0.00,1,0
14279,,PR0769,,2018,Aug,1250.00,0.00,1600.00,0.00,0.00,0,0.00,0.00,,,0,,,350.00,0,0,,0.00,1,0
14280,,PR0778,,2018,Aug,829.66,0.00,979.00,0.00,0.00,0,0.00,0.00,,,0,,,149.34,0,0,,0.00,1,0
14281,,PR0780,,2018,Aug,2408.47,0.00,3031.99,0.00,0.00,0,0.00,0.00,,,0,,,623.52,0,0,,0.00,1,0
14282,,PR0786,,2018,Aug,1275.00,0.00,1888.00,0.00,0.00,0,0.00,0.00,,,0,,,357.00,0,0,,0.00,1,0
14283,,PR0789,,2018,Aug,3522.25,0.00,4250.00,0.00,0.00,0,0.00,0.00,,,0,,,727.75,0,0,,0.00,1,0
14284,,PR0795,,2018,Aug,508.47,0.00,599.99,0.00,0.00,0,0.00,0.00,,,0,,,91.52,0,0,,0.00,1,0
14285,,PR0797,,2018,Aug,1100.00,0.00,1298.00,0.00,0.00,0,0.00,0.00,,,0,,,198.00,0,0,,0.00,1,0
14286,,PR0799,,2018,Aug,2657.58,0.00,3300.01,0.00,0.00,0,0.00,0.00,,,0,,,642.43,0,0,,0.00,1,0
14287,,PR0800,,2018,Aug,10761.25,0.00,27320.00,0.00,0.00,0,0.00,0.00,,,0,,,2898.75,0,0,,0.00,1,0
14288,,PR0801,,2018,Aug,593.22,0.00,700.00,0.00,0.00,0,0.00,0.00,,,0,,,106.78,0,0,,0.00,1,0
14289,,PR0804,,2018,Aug,5556.15,0.00,-0.01,0.00,0.00,0,0.00,0.00,,,0,,,1093.84,0,0,,0.00,1,0
14290,,PR0806,,2018,Aug,1101.69,0.00,1299.99,0.00,0.00,0,0.00,0.00,,,0,,,198.30,0,0,,0.00,1,0
14291,,PR0807,,2018,Aug,508.47,0.00,602.99,0.00,0.00,0,0.00,0.00,,,0,,,91.52,0,0,,0.00,1,0
14292,,PR0809,,2018,Aug,593.22,0.00,700.00,0.00,0.00,0,0.00,0.00,,,0,,,106.78,0,0,,0.00,1,0
14293,,PR0811,,2018,Aug,5047.68,0.00,0.00,0.00,0.00,0,0.00,0.00,,,0,,,1002.32,0,0,,0.00,1,0
14294,,PR0813,,2018,Aug,593.22,0.00,700.00,0.00,0.00,0,0.00,0.00,,,0,,,106.78,0,0,,0.00,1,0
14295,,PR0814,,2018,Aug,423.73,0.00,500.00,0.00,0.00,0,0.00,0.00,,,0,,,76.27,0,0,,0.00,1,0
14296,,PR0815,,2018,Aug,423.73,0.00,500.00,0.00,0.00,0,0.00,0.00,,,0,,,76.27,0,0,,0.00,1,0
14297,,PR0816,,2018,Aug,593.22,0.00,0.00,0.00,0.00,0,0.00,0.00,,,0,,,106.78,0,0,,0.00,1,0
14298,,PR0819,,2018,Aug,1016.94,0.00,1199.98,0.00,0.00,0,0.00,0.00,,,0,,,183.04,0,0,,0.00,1,0
14299,,PR0820,,2018,Aug,542.37,0.00,640.00,0.00,0.00,0,0.00,0.00,,,0,,,97.63,0,0,,0.00,1,0
14300,,PR0821,,2018,Aug,1483.05,0.00,1750.00,0.00,0.00,0,0.00,0.00,,,0,,,266.95,0,0,,0.00,1,0
14301,,PR0823,,2018,Aug,593.22,0.00,700.00,0.00,0.00,0,0.00,0.00,,,0,,,106.78,0,0,,0.00,1,0
14302,,PR0825,,2018,Aug,1641.95,0.00,2000.00,0.00,0.00,0,0.00,0.00,,,0,,,358.05,0,0,,0.00,1,0
14303,,PR0828,,2018,Aug,593.22,0.00,700.00,0.00,0.00,0,0.00,0.00,,,0,,,106.78,0,0,,0.00,1,0
14304,,PR0830,,2018,Aug,1016.95,0.00,1200.00,0.00,0.00,0,0.00,0.00,,,0,,,183.05,0,0,,0.00,1,0
14305,,PR0831,,2018,Aug,1016.95,0.00,1200.00,0.00,0.00,0,0.00,0.00,,,0,,,183.05,0,0,,0.00,1,0
14306,,PR0833,,2018,Aug,1016.95,0.00,1200.00,0.00,0.00,0,0.00,0.00,,,0,,,183.05,0,0,,0.00,1,0
14307,,PR0840,,2018,Aug,2378.18,0.00,2742.00,0.00,0.00,0,0.00,0.00,,,0,,,521.82,0,0,,0.00,1,0
14308,,PR0843,,2018,Aug,5556.15,0.00,6650.00,0.00,0.00,0,0.00,0.00,,,0,,,1093.85,0,0,,0.00,1,0
14309,,PR0848,,2018,Aug,1016.95,0.00,1200.00,0.00,0.00,0,0.00,0.00,,,0,,,183.05,0,0,,0.00,1,0
14310,,PR0853,,2018,Aug,720.34,0.00,850.00,0.00,0.00,0,0.00,0.00,,,0,,,129.66,0,0,,0.00,1,0
14311,,PR0860,,2018,Aug,3125.00,0.00,3750.00,0.00,0.00,0,0.00,0.00,,,0,,,625.00,0,0,,0.00,1,0
14312,,PR0861,,2018,Aug,593.22,0.00,700.00,0.00,0.00,0,0.00,0.00,,,0,,,106.78,0,0,,0.00,1,0
14313,,PR0863,,2018,Aug,937.50,0.00,1200.00,0.00,0.00,0,0.00,0.00,,,0,,,262.50,0,0,,0.00,1,0
14314,,PR0865,,2018,Aug,593.22,0.00,700.00,0.00,0.00,0,0.00,0.00,,,0,,,106.78,0,0,,0.00,1,0
14315,,PR0866,,2018,Aug,1016.95,0.00,1200.00,0.00,0.00,0,0.00,0.00,,,0,,,183.05,0,0,,0.00,1,0
14316,,PR0867,,2018,Aug,2266.95,0.00,2800.00,0.00,0.00,0,0.00,0.00,,,0,,,533.05,0,0,,0.00,1,0
14317,,PR0868,,2018,Aug,423.73,0.00,500.00,0.00,0.00,0,0.00,0.00,,,0,,,76.27,0,0,,0.00,1,0
14318,,PR0871,,2018,Aug,593.22,0.00,700.00,0.00,0.00,0,0.00,0.00,,,0,,,106.78,0,0,,0.00,1,0
14319,,PR0875,,2018,Aug,423.73,0.00,294.00,0.00,0.00,0,0.00,0.00,,,0,,,76.27,0,0,,0.00,1,0
14320,,PR0883,,2018,Aug,593.22,0.00,700.00,0.00,0.00,0,0.00,0.00,,,0,,,106.78,0,0,,0.00,1,0
14321,,PR0884,,2018,Aug,593.22,0.00,700.00,0.00,0.00,0,0.00,0.00,,,0,,,106.78,0,0,,0.00,1,0
14322,,PR0888,,2018,Aug,593.22,0.00,700.00,0.00,0.00,0,0.00,0.00,,,0,,,106.78,0,0,,0.00,1,0
14323,,PR0891,,2018,Aug,593.22,0.00,575.00,0.00,0.00,0,0.00,0.00,,,0,,,106.78,0,0,,0.00,1,0
14324,,PR0894,,2018,Aug,1016.95,0.00,1200.00,0.00,0.00,0,0.00,0.00,,,0,,,183.05,0,0,,0.00,1,0
14325,,PR0895,,2018,Aug,847.46,0.00,1000.00,0.00,0.00,0,0.00,0.00,,,0,,,152.54,0,0,,0.00,1,0
14326,,PR0896,,2018,Aug,423.73,0.00,500.00,0.00,0.00,0,0.00,0.00,,,0,,,76.27,0,0,,0.00,1,0
14327,,PR0898,,2018,Aug,593.22,0.00,700.00,0.00,0.00,0,0.00,0.00,,,0,,,106.78,0,0,,0.00,1,0
14328,,PR0899,,2018,Aug,423.73,0.00,500.00,0.00,0.00,0,0.00,0.00,,,0,,,76.27,0,0,,0.00,1,0
14329,,PR0901,,2018,Aug,423.73,0.00,500.00,0.00,0.00,0,0.00,0.00,,,0,,,76.27,0,0,,0.00,1,0
14330,,PR0902,,2018,Aug,1016.95,0.00,1200.00,0.00,0.00,0,0.00,0.00,,,0,,,183.05,0,0,,0.00,1,0
14331,,PR0909,,2018,Aug,593.22,0.00,700.00,0.00,0.00,0,0.00,0.00,,,0,,,106.78,0,0,,0.00,1,0
14332,,PR0912,,2018,Aug,423.73,0.00,500.00,0.00,0.00,0,0.00,0.00,,,0,,,76.27,0,0,,0.00,1,0
14333,,PR0916,,2018,Aug,1016.95,0.00,1200.00,0.00,0.00,0,0.00,0.00,,,0,,,183.05,0,0,,0.00,1,0
14334,,PR0917,,2018,Aug,1595.61,0.00,2000.01,0.00,0.00,0,0.00,0.00,,,0,,,404.40,0,0,,0.00,1,0
14335,,PR0919,,2018,Aug,2203.38,0.00,2599.98,0.00,0.00,0,0.00,0.00,,,0,,,396.60,0,0,,0.00,1,0
14336,,PR0920,,2018,Aug,937.50,0.00,1200.00,0.00,0.00,0,0.00,0.00,,,0,,,262.50,0,0,,0.00,1,0
14337,,PR0921,,2018,Aug,1101.69,0.00,1299.99,0.00,0.00,0,0.00,0.00,,,0,,,198.30,0,0,,0.00,1,0
14338,,PR0922,,2018,Aug,1673.73,0.00,2100.00,0.00,0.00,0,0.00,0.00,,,0,,,426.27,0,0,,0.00,1,0
14339,,PR0924,,2018,Aug,423.73,0.00,484.00,0.00,0.00,0,0.00,0.00,,,0,,,76.27,0,0,,0.00,1,0
14340,,PR0928,,2018,Aug,2097.46,0.00,2600.00,0.00,0.00,0,0.00,0.00,,,0,,,502.54,0,0,,0.00,1,0
14341,,PR0932,,2018,Aug,423.73,0.00,500.00,0.00,0.00,0,0.00,0.00,,,0,,,76.27,0,0,,0.00,1,0
14342,,PR0933,,2018,Aug,592.37,0.00,699.00,0.00,0.00,0,0.00,0.00,,,0,,,106.63,0,0,,0.00,1,0
14343,,PR0934,,2018,Aug,1101.69,0.00,1299.99,0.00,0.00,0,0.00,0.00,,,0,,,198.30,0,0,,0.00,1,0
14344,,PR0935,,2018,Aug,593.22,0.00,700.00,0.00,0.00,0,0.00,0.00,,,0,,,106.78,0,0,,0.00,1,0
14345,,PR0937,,2018,Aug,1440.68,0.00,1416.00,0.00,0.00,0,0.00,0.00,,,0,,,259.32,0,0,,0.00,1,0
14347,,PR0941,,2018,Aug,542.37,0.00,640.00,0.00,0.00,0,0.00,0.00,,,0,,,97.63,0,0,,0.00,1,0
14348,,PR0945,,2018,Aug,2415.26,0.00,2850.00,0.00,0.00,0,0.00,0.00,,,0,,,434.74,0,0,,0.00,1,0
14349,,PR0946,,2018,Aug,847.46,0.00,1000.00,0.00,0.00,0,0.00,0.00,,,0,,,152.54,0,0,,0.00,1,0
14350,,PR0947,,2018,Aug,2233.85,0.00,2800.01,0.00,0.00,0,0.00,0.00,,,0,,,566.16,0,0,,0.00,1,0
14351,,PR0952,,2018,Aug,2309.32,0.00,2850.00,0.00,0.00,0,0.00,0.00,,,0,,,540.68,0,0,,0.00,1,0
14352,,PR0955,,2018,Aug,593.22,0.00,339.00,0.00,0.00,0,0.00,0.00,,,0,,,106.78,0,0,,0.00,1,0
14353,,PR0960,,2018,Aug,423.73,0.00,500.00,0.00,0.00,0,0.00,0.00,,,0,,,76.27,0,0,,0.00,1,0
14354,,PR0961,,2018,Aug,1250.00,0.00,1600.00,0.00,0.00,0,0.00,0.00,,,0,,,350.00,0,0,,0.00,1,0
14355,,PR0964,,2018,Aug,1101.69,0.00,1299.99,0.00,0.00,0,0.00,0.00,,,0,,,198.30,0,0,,0.00,1,0
14356,,PR0965,,2018,Aug,1250.00,0.00,1600.00,0.00,0.00,0,0.00,0.00,,,0,,,350.00,0,0,,0.00,1,0
14357,,PR0970,,2018,Aug,423.73,0.00,500.00,0.00,0.00,0,0.00,0.00,,,0,,,76.27,0,0,,0.00,1,0
14358,,PR0971,,2018,Aug,593.22,0.00,700.00,0.00,0.00,0,0.00,0.00,,,0,,,106.78,0,0,,0.00,1,0
14359,,PR0974,,2018,Aug,423.73,0.00,500.00,0.00,0.00,0,0.00,0.00,,,0,,,76.27,0,0,,0.00,1,0
14360,,PR0975,,2018,Aug,423.73,0.00,486.00,0.00,0.00,0,0.00,0.00,,,0,,,76.27,0,0,,0.00,1,0
14361,,PR0976,,2018,Aug,593.22,0.00,700.00,0.00,0.00,0,0.00,0.00,,,0,,,106.78,0,0,,0.00,1,0
14362,,PR0983,,2018,Aug,4279.66,0.00,5300.00,0.00,0.00,0,0.00,0.00,,,0,,,1020.34,0,0,,0.00,1,0
14363,,PR0984,,2018,Aug,1250.00,0.00,1600.00,0.00,0.00,0,0.00,0.00,,,0,,,350.00,0,0,,0.00,1,0
14364,,PR0986,,2018,Aug,625.00,0.00,800.00,0.00,0.00,0,0.00,0.00,,,0,,,175.00,0,0,,0.00,1,0
14365,,PR0988,,2018,Aug,4872.88,0.00,5999.99,0.00,0.00,0,0.00,0.00,,,0,,,1127.11,0,0,,0.00,1,0
14366,,PR0991,,2018,Aug,1250.00,0.00,1600.00,0.00,0.00,0,0.00,0.00,,,0,,,350.00,0,0,,0.00,1,0
14367,,PR0992,,2018,Aug,625.00,0.00,0.00,0.00,0.00,0,0.00,0.00,,,0,,,75.00,0,0,,0.00,1,0
14368,,PR0994,,2018,Aug,937.50,0.00,2400.00,0.00,0.00,0,0.00,0.00,,,0,,,262.50,0,0,,0.00,1,0
14369,,PR0995,,2018,Aug,63487.31,0.00,85690.25,0.00,0.00,0,0.00,0.00,,,0,,,12977.94,0,0,,0.00,1,0
14370,,PR0996,,2018,Aug,423.73,0.00,500.00,0.00,0.00,0,0.00,0.00,,,0,,,76.27,0,0,,0.00,1,0
14371,,PR0998,,2018,Aug,1016.95,0.00,1200.00,0.00,0.00,0,0.00,0.00,,,0,,,183.05,0,0,,0.00,1,0
14372,,PR1000,,2018,Aug,1101.69,0.00,1299.99,0.00,0.00,0,0.00,0.00,,,0,,,198.30,0,0,,0.00,1,0
14373,,PR1002,,2018,Aug,1016.95,0.00,960.00,0.00,0.00,0,0.00,0.00,,,0,,,183.05,0,0,,0.00,1,0
14374,,PR1003,,2018,Aug,423.73,0.00,500.00,0.00,0.00,0,0.00,0.00,,,0,,,76.27,0,0,,0.00,1,0
14375,,PR1004,,2018,Aug,1250.00,0.00,1600.00,0.00,0.00,0,0.00,0.00,,,0,,,350.00,0,0,,0.00,1,0
14376,,PR1005,,2018,Aug,1673.73,0.00,2100.00,0.00,0.00,0,0.00,0.00,,,0,,,426.27,0,0,,0.00,1,0
14377,,PR1006,,2018,Aug,423.73,0.00,500.00,0.00,0.00,0,0.00,0.00,,,0,,,76.27,0,0,,0.00,1,0
14378,,PR1008,,2018,Aug,1250.00,0.00,1600.00,0.00,0.00,0,0.00,0.00,,,0,,,350.00,0,0,,0.00,1,0
14379,,PR1011,,2018,Aug,625.00,0.00,800.00,0.00,0.00,0,0.00,0.00,,,0,,,175.00,0,0,,0.00,1,0
14380,,PR1014,,2018,Aug,3907.58,0.00,4897.01,0.00,0.00,0,0.00,0.00,,,0,,,992.43,0,0,,0.00,1,0
14381,,PR1015,,2018,Aug,593.22,0.00,700.00,0.00,0.00,0,0.00,0.00,,,0,,,106.78,0,0,,0.00,1,0
14382,,PR1016,,2018,Aug,423.73,0.00,500.00,0.00,0.00,0,0.00,0.00,,,0,,,76.27,0,0,,0.00,1,0
14384,,PR1021,,2018,Aug,1016.95,0.00,1200.00,0.00,0.00,0,0.00,0.00,,,0,,,183.05,0,0,,0.00,1,0
14385,,PR1022,,2018,Aug,593.22,0.00,450.00,0.00,0.00,0,0.00,0.00,,,0,,,106.78,0,0,,0.00,1,0
14386,,PR1024,,2018,Aug,625.00,0.00,800.00,0.00,0.00,0,0.00,0.00,,,0,,,175.00,0,0,,0.00,1,0
14387,,PR1025,,2018,Aug,1250.00,0.00,1600.00,0.00,0.00,0,0.00,0.00,,,0,,,350.00,0,0,,0.00,1,0
14388,,PR1026,,2018,Aug,1016.95,0.00,1200.00,0.00,0.00,0,0.00,0.00,,,0,,,183.05,0,0,,0.00,1,0
14389,,PR1027,,2018,Aug,2500.00,0.00,3200.00,0.00,0.00,0,0.00,0.00,,,0,,,700.00,0,0,,0.00,1,0
14390,,PR1028,,2018,Aug,423.73,0.00,500.00,0.00,0.00,0,0.00,0.00,,,0,,,76.27,0,0,,0.00,1,0
14391,,PR1029,,2018,Aug,937.50,0.00,1200.00,0.00,0.00,0,0.00,0.00,,,0,,,262.50,0,0,,0.00,1,0
14392,,PR1030,,2018,Aug,1250.00,0.00,1600.00,0.00,0.00,0,0.00,0.00,,,0,,,350.00,0,0,,0.00,1,0
14393,,PR1031,,2018,Aug,5793.17,0.00,7000.01,0.00,0.00,0,0.00,0.00,,,0,,,1206.84,0,0,,0.00,1,0
14395,,PR1033,,2018,Aug,1250.00,0.00,1600.00,0.00,0.00,0,0.00,0.00,,,0,,,350.00,0,0,,0.00,1,0
14397,,PR1035,,2018,Aug,1673.73,0.00,2100.00,0.00,0.00,0,0.00,0.00,,,0,,,426.27,0,0,,0.00,1,0
14398,,PR1036,,2018,Aug,2298.73,0.00,2900.00,0.00,0.00,0,0.00,0.00,,,0,,,601.27,0,0,,0.00,1,0
14400,,PR1038,,2018,Aug,423.73,0.00,500.00,0.00,0.00,0,0.00,0.00,,,0,,,76.27,0,0,,0.00,1,0
14401,,PR1039,,2018,Aug,1250.00,0.00,1546.00,0.00,0.00,0,0.00,0.00,,,0,,,350.00,0,0,,0.00,1,0
14403,,PR1043,,2018,Aug,508.47,0.00,599.99,0.00,0.00,0,0.00,0.00,,,0,,,91.52,0,0,,0.00,1,0
14404,,PR1045,,2018,Aug,1100.00,0.00,1408.00,0.00,0.00,0,0.00,0.00,,,0,,,308.00,0,0,,0.00,1,0
14405,,PR1047,,2018,Aug,1640.63,0.00,2100.01,0.00,0.00,0,0.00,0.00,,,0,,,459.38,0,0,,0.00,1,0
14406,,PR1048,,2018,Aug,2500.00,0.00,4594.00,0.00,0.00,0,0.00,0.00,,,0,,,700.00,0,0,,0.00,1,0
14407,,PR1050,,2018,Aug,254.24,0.00,300.00,0.00,0.00,0,0.00,0.00,,,0,,,45.76,0,0,,0.00,1,0
14408,,PR1053,,2018,Aug,1640.63,0.00,1950.01,0.00,0.00,0,0.00,0.00,,,0,,,459.38,0,0,,0.00,1,0
14409,,PR1055,,2018,Aug,508.47,0.00,599.99,0.00,0.00,0,0.00,0.00,,,0,,,91.52,0,0,,0.00,1,0
14410,,PR1056,,2018,Aug,1133.47,0.00,1399.99,0.00,0.00,0,0.00,0.00,,,0,,,266.52,0,0,,0.00,1,0
14412,,PR1059,,2018,Aug,1016.95,0.00,1200.00,0.00,0.00,0,0.00,0.00,,,0,,,183.05,0,0,,0.00,1,0
14413,,PR1060,,2018,Aug,625.00,0.00,1.00,0.00,0.00,0,0.00,0.00,,,0,,,75.00,0,0,,0.00,1,0
14414,,PR1061,,2018,Aug,508.47,0.00,599.99,0.00,0.00,0,0.00,0.00,,,0,,,91.52,0,0,,0.00,1,0
14415,,PR1063,,2018,Aug,1250.00,0.00,1600.00,0.00,0.00,0,0.00,0.00,,,0,,,350.00,0,0,,0.00,1,0
14416,,PR1064,,2018,Aug,2266.95,0.00,2800.00,0.00,0.00,0,0.00,0.00,,,0,,,533.05,0,0,,0.00,1,0
14417,,PR1065,,2018,Aug,423.73,0.00,500.00,0.00,0.00,0,0.00,0.00,,,0,,,76.27,0,0,,0.00,1,0
14418,,PR1066,,2018,Aug,1250.00,0.00,1600.00,0.00,0.00,0,0.00,0.00,,,0,,,350.00,0,0,,0.00,1,0
14419,,PR1067,,2018,Aug,2890.63,0.00,3700.01,0.00,0.00,0,0.00,0.00,,,0,,,809.38,0,0,,0.00,1,0
14420,,PR1069,,2018,Aug,508.47,0.00,599.99,0.00,0.00,0,0.00,0.00,,,0,,,91.52,0,0,,0.00,1,0
14421,,PR1070,,2018,Aug,1059.32,0.00,1250.00,0.00,0.00,0,0.00,0.00,,,0,,,190.68,0,0,,0.00,1,0
14422,,PR1072,,2018,Aug,593.22,0.00,700.00,0.00,0.00,0,0.00,0.00,,,0,,,106.78,0,0,,0.00,1,0
14423,,PR1073,,2018,Aug,1218.22,0.00,1500.00,0.00,0.00,0,0.00,0.00,,,0,,,281.78,0,0,,0.00,1,0
14424,,PR1074,,2018,Aug,1250.00,0.00,1600.00,0.00,0.00,0,0.00,0.00,,,0,,,350.00,0,0,,0.00,1,0
14425,,PR1076,,2018,Aug,593.22,0.00,542.00,0.00,0.00,0,0.00,0.00,,,0,,,106.78,0,0,,0.00,1,0
14427,,PR1079,,2018,Aug,466.10,0.00,373.00,0.00,0.00,0,0.00,0.00,,,0,,,83.90,0,0,,0.00,1,0
14428,,PR1080,,2018,Aug,1059.32,0.00,968.00,0.00,0.00,0,0.00,0.00,,,0,,,190.68,0,0,,0.00,1,0
14429,,PR1081,,2018,Aug,593.22,0.00,542.00,0.00,0.00,0,0.00,0.00,,,0,,,106.78,0,0,,0.00,1,0
14430,,PR1082,,2018,Aug,1250.00,0.00,1600.00,0.00,0.00,0,0.00,0.00,,,0,,,350.00,0,0,,0.00,1,0
14431,,PR1083,,2018,Aug,3050.16,0.00,3724.18,0.00,0.00,0,0.00,0.00,,,0,,,674.02,0,0,,0.00,1,0
14432,,PR1085,,2018,Aug,1186.44,0.00,1465.00,0.00,0.00,0,0.00,0.00,,,0,,,213.56,0,0,,0.00,1,0
14433,,PR1087,,2018,Aug,2203.39,0.00,2600.00,0.00,0.00,0,0.00,0.00,,,0,,,396.61,0,0,,0.00,1,0
14434,,PR1090,,2018,Aug,1059.32,0.00,1250.00,0.00,0.00,0,0.00,0.00,,,0,,,190.68,0,0,,0.00,1,0
14435,,PR1091,,2018,Aug,593.22,0.00,700.00,0.00,0.00,0,0.00,0.00,,,0,,,106.78,0,0,,0.00,1,0
14436,,PR1093,,2018,Aug,625.00,0.00,800.00,0.00,0.00,0,0.00,0.00,,,0,,,175.00,0,0,,0.00,1,0
14437,,PR1094,,2018,Aug,1640.63,0.00,2100.01,0.00,0.00,0,0.00,0.00,,,0,,,459.38,0,0,,0.00,1,0
14438,,PR1095,,2018,Aug,508.47,0.00,599.99,0.00,0.00,0,0.00,0.00,,,0,,,91.52,0,0,,0.00,1,0
14439,,PR1096,,2018,Aug,625.00,0.00,700.00,0.00,0.00,0,0.00,0.00,,,0,,,75.00,0,0,,0.00,1,0
14440,,PR1097,,2018,Aug,1684.32,0.00,2050.00,0.00,0.00,0,0.00,0.00,,,0,,,365.68,0,0,,0.00,1,0
14441,,PR1098,,2018,Aug,4724.58,0.00,5700.00,0.00,0.00,0,0.00,0.00,,,0,,,975.42,0,0,,0.00,1,0
14442,,PR1099,,2018,Aug,1250.00,0.00,1600.00,0.00,0.00,0,0.00,0.00,,,0,,,350.00,0,0,,0.00,1,0
14443,,PR1100,,2018,Aug,1016.95,0.00,1200.00,0.00,0.00,0,0.00,0.00,,,0,,,183.05,0,0,,0.00,1,0
14444,,PR1102,,2018,Aug,1864.41,0.00,2200.00,0.00,0.00,0,0.00,0.00,,,0,,,335.59,0,0,,0.00,1,0
14445,,PR1103,,2018,Aug,466.10,0.00,550.00,0.00,0.00,0,0.00,0.00,,,0,,,83.90,0,0,,0.00,1,0
14446,,PR1106,,2018,Aug,1250.00,0.00,1600.00,0.00,0.00,0,0.00,0.00,,,0,,,350.00,0,0,,0.00,1,0
14447,,PR1107,,2018,Aug,625.00,0.00,700.00,0.00,0.00,0,0.00,0.00,,,0,,,75.00,0,0,,0.00,1,0
14448,,PR1108,,2018,Aug,1684.32,0.00,2050.00,0.00,0.00,0,0.00,0.00,,,0,,,365.68,0,0,,0.00,1,0
14449,,PR1110,,2018,Aug,593.22,0.00,700.00,0.00,0.00,0,0.00,0.00,,,0,,,106.78,0,0,,0.00,1,0
14450,,PR1113,,2018,Aug,3463.98,0.00,4150.00,0.00,0.00,0,0.00,0.00,,,0,,,686.02,0,0,,0.00,1,0
14451,,PR1114,,2018,Aug,1059.32,0.00,1250.00,0.00,0.00,0,0.00,0.00,,,0,,,190.68,0,0,,0.00,1,0
14452,,PR1115,,2018,Aug,2309.32,0.00,2850.00,0.00,0.00,0,0.00,0.00,,,0,,,540.68,0,0,,0.00,1,0
14453,,PR1116,,2018,Aug,762.71,0.00,900.00,0.00,0.00,0,0.00,0.00,,,0,,,137.29,0,0,,0.00,1,0
14454,,PR1118,,2018,Aug,2266.95,0.00,2521.00,0.00,0.00,0,0.00,0.00,,,0,,,433.05,0,0,,0.00,1,0
14455,,PR1119,,2018,Aug,1016.95,0.00,1200.00,0.00,0.00,0,0.00,0.00,,,0,,,183.05,0,0,,0.00,1,0
14456,,PR1120,,2018,Aug,466.10,0.00,-350.00,0.00,0.00,0,0.00,0.00,,,0,,,83.90,0,0,,0.00,1,0
14457,,PR1122,,2018,Aug,3241.52,0.00,3950.00,0.00,0.00,0,0.00,0.00,,,0,,,708.48,0,0,,0.00,1,0
14458,,PR1123,,2018,Aug,2309.32,0.00,2850.00,0.00,0.00,0,0.00,0.00,,,0,,,540.68,0,0,,0.00,1,0
14459,,PR1124,,2018,Aug,1811.44,0.00,2200.00,0.00,0.00,0,0.00,0.00,,,0,,,388.56,0,0,,0.00,1,0
14460,,PR1125,,2018,Aug,466.10,0.00,550.00,0.00,0.00,0,0.00,0.00,,,0,,,83.90,0,0,,0.00,1,0
14461,,PR1126,,2018,Aug,937.50,0.00,1200.00,0.00,0.00,0,0.00,0.00,,,0,,,262.50,0,0,,0.00,1,0
14462,,PR1127,,2018,Aug,466.10,0.00,550.00,0.00,0.00,0,0.00,0.00,,,0,,,83.90,0,0,,0.00,1,0
14463,,PR1128,,2018,Aug,1684.32,0.00,2050.00,0.00,0.00,0,0.00,0.00,,,0,,,365.68,0,0,,0.00,1,0
14464,,PR1131,,2018,Aug,1250.00,0.00,1600.00,0.00,0.00,0,0.00,0.00,,,0,,,350.00,0,0,,0.00,1,0
14465,,PR1132,,2018,Aug,2161.01,0.00,2549.99,0.00,0.00,0,0.00,0.00,,,0,,,388.98,0,0,,0.00,1,0
14466,,PR1133,,2018,Aug,1200.00,0.00,1416.00,0.00,0.00,0,0.00,0.00,,,0,,,216.00,0,0,,0.00,1,0
14467,,PR1134,,2018,Aug,1779.66,0.00,2100.00,0.00,0.00,0,0.00,0.00,,,0,,,320.34,0,0,,0.00,1,0
14468,,PR1135,,2018,Aug,466.10,0.00,550.00,0.00,0.00,0,0.00,0.00,,,0,,,83.90,0,0,,0.00,1,0
14469,,PR1136,,2018,Aug,1059.32,0.00,1250.00,0.00,0.00,0,0.00,0.00,,,0,,,190.68,0,0,,0.00,1,0
14470,,PR1137,,2018,Aug,4502.10,0.00,5499.98,0.00,0.00,0,0.00,0.00,,,0,,,997.88,0,0,,0.00,1,0
14471,,PR1138,,2018,Aug,466.10,0.00,550.00,0.00,0.00,0,0.00,0.00,,,0,,,83.90,0,0,,0.00,1,0
14472,,PR1141,,2018,Aug,466.10,0.00,550.00,0.00,0.00,0,0.00,0.00,,,0,,,83.90,0,0,,0.00,1,0
14473,,PR1142,,2018,Aug,466.10,0.00,550.00,0.00,0.00,0,0.00,0.00,,,0,,,83.90,0,0,,0.00,1,0
14474,,PR1143,,2018,Aug,466.10,0.00,550.00,0.00,0.00,0,0.00,0.00,,,0,,,83.90,0,0,,0.00,1,0
14475,,PR1144,,2018,Aug,4936.43,0.00,5949.98,0.00,0.00,0,0.00,0.00,,,0,,,1013.55,0,0,,0.00,1,0
14476,,PR1145,,2018,Aug,1250.00,0.00,1600.00,0.00,0.00,0,0.00,0.00,,,0,,,350.00,0,0,,0.00,1,0
14477,,PR1147,,2018,Aug,466.10,0.00,550.00,0.00,0.00,0,0.00,0.00,,,0,,,83.90,0,0,,0.00,1,0
14478,,PR1148,,2018,Aug,2309.32,0.00,2850.00,0.00,0.00,0,0.00,0.00,,,0,,,540.68,0,0,,0.00,1,0
14479,,PR1149,,2018,Aug,22264.26,0.00,27248.00,0.00,0.00,0,0.00,0.00,,,0,,,4983.74,0,0,,0.00,1,0
14480,,PR1152,,2018,Aug,593.22,0.00,700.00,0.00,0.00,0,0.00,0.00,,,0,,,106.78,0,0,,0.00,1,0
14481,,PR1153,,2018,Aug,593.22,0.00,420.00,0.00,0.00,0,0.00,0.00,,,0,,,106.78,0,0,,0.00,1,0
14482,,PR1154,,2018,Aug,423.73,0.00,500.00,0.00,0.00,0,0.00,0.00,,,0,,,76.27,0,0,,0.00,1,0
14483,,PR1156,,2018,Aug,626.02,0.00,738.70,0.00,0.00,0,0.00,0.00,,,0,,,112.68,0,0,,0.00,1,0
14484,,PR1158,,2018,Aug,3421.61,0.00,4100.00,0.00,0.00,0,0.00,0.00,,,0,,,678.39,0,0,,0.00,1,0
14485,,PR1159,,2018,Aug,1218.22,0.00,1500.00,0.00,0.00,0,0.00,0.00,,,0,,,281.78,0,0,,0.00,1,0
14486,,PR1160,,2018,Aug,1101.69,0.00,1299.99,0.00,0.00,0,0.00,0.00,,,0,,,198.30,0,0,,0.00,1,0
14487,,PR1161,,2018,Aug,2061.71,0.00,2600.01,0.00,0.00,0,0.00,0.00,,,0,,,488.30,0,0,,0.00,1,0
14488,,PR1162,,2018,Aug,937.50,0.00,1200.00,0.00,0.00,0,0.00,0.00,,,0,,,262.50,0,0,,0.00,1,0
14489,,PR1163,,2018,Aug,2690.68,0.00,3300.00,0.00,0.00,0,0.00,0.00,,,0,,,609.32,0,0,,0.00,1,0
14490,,PR1164,,2018,Aug,1059.32,0.00,1250.00,0.00,0.00,0,0.00,0.00,,,0,,,190.68,0,0,,0.00,1,0
14491,,PR1165,,2018,Aug,625.00,0.00,700.00,0.00,0.00,0,0.00,0.00,,,0,,,75.00,0,0,,0.00,1,0
14492,,PR1166,,2018,Aug,5349.58,0.00,6500.00,0.00,0.00,0,0.00,0.00,,,0,,,1150.42,0,0,,0.00,1,0
14493,,PR1168,,2018,Aug,1101.69,0.00,1309.99,0.00,0.00,0,0.00,0.00,,,0,,,198.30,0,0,,0.00,1,0
14494,,PR1169,,2018,Aug,625.00,0.00,760.00,0.00,0.00,0,0.00,0.00,,,0,,,175.00,0,0,,0.00,1,0
14495,,PR1171,,2018,Aug,1875.00,0.00,2400.00,0.00,0.00,0,0.00,0.00,,,0,,,525.00,0,0,,0.00,1,0
14496,,PR1172,,2018,Aug,1345.34,0.00,1650.00,0.00,0.00,0,0.00,0.00,,,0,,,304.66,0,0,,0.00,1,0
14497,,PR1174,,2018,Aug,625.00,0.00,800.00,0.00,0.00,0,0.00,0.00,,,0,,,175.00,0,0,,0.00,1,0
14498,,PR1175,,2018,Aug,4152.53,0.00,4899.99,0.00,0.00,0,0.00,0.00,,,0,,,747.46,0,0,,0.00,1,0
14499,,PR1176,,2018,Aug,625.00,0.00,700.00,0.00,0.00,0,0.00,0.00,,,0,,,75.00,0,0,,0.00,1,0
14500,,PR1177,,2018,Aug,593.22,0.00,700.00,0.00,0.00,0,0.00,0.00,,,0,,,106.78,0,0,,0.00,1,0
14501,,PR1178,,2018,Aug,2330.51,0.00,2750.00,0.00,0.00,0,0.00,0.00,,,0,,,419.49,0,0,,0.00,1,0
14502,,PR1179,,2018,Aug,466.10,0.00,550.00,0.00,0.00,0,0.00,0.00,,,0,,,83.90,0,0,,0.00,1,0
14503,,PR1180,,2018,Aug,466.10,0.00,550.00,0.00,0.00,0,0.00,0.00,,,0,,,83.90,0,0,,0.00,1,0
14504,,PR1181,,2018,Aug,466.10,0.00,550.00,0.00,0.00,0,0.00,0.00,,,0,,,83.90,0,0,,0.00,1,0
14505,,PR1182,,2018,Aug,593.22,0.00,700.00,0.00,0.00,0,0.00,0.00,,,0,,,106.78,0,0,,0.00,1,0
14506,,PR1183,,2018,Aug,593.22,0.00,700.00,0.00,0.00,0,0.00,0.00,,,0,,,106.78,0,0,,0.00,1,0
14507,,PR1185,,2018,Aug,625.00,0.00,800.00,0.00,0.00,0,0.00,0.00,,,0,,,175.00,0,0,,0.00,1,0
14508,,PR1187,,2018,Aug,1716.10,0.00,2150.00,0.00,0.00,0,0.00,0.00,,,0,,,433.90,0,0,,0.00,1,0
14509,,PR1188,,2018,Aug,593.22,0.00,700.00,0.00,0.00,0,0.00,0.00,,,0,,,106.78,0,0,,0.00,1,0
14510,,PR1189,,2018,Aug,1250.00,0.00,1600.00,0.00,0.00,0,0.00,0.00,,,0,,,350.00,0,0,,0.00,1,0
14511,,PR1190,,2018,Aug,1339.29,0.00,1500.00,0.00,0.00,0,0.00,0.00,,,0,,,160.71,0,0,,0.00,1,0
14512,,PR1191,,2018,Aug,593.22,0.00,117.00,0.00,0.00,0,0.00,0.00,,,0,,,106.78,0,0,,0.00,1,0
14513,,PR1193,,2018,Aug,625.00,0.00,800.00,0.00,0.00,0,0.00,0.00,,,0,,,175.00,0,0,,0.00,1,0
14514,,PR1194,,2018,Aug,466.10,0.00,600.00,0.00,0.00,0,0.00,0.00,,,0,,,83.90,0,0,,0.00,1,0
14515,,PR1195,,2018,Aug,1059.32,0.00,1250.00,0.00,0.00,0,0.00,0.00,,,0,,,190.68,0,0,,0.00,1,0
14516,,PR1196,,2018,Aug,804.00,0.00,120.00,0.00,0.00,0,0.00,0.00,,,0,,,96.00,0,0,,0.00,1,0
14517,,PR1197,,2018,Aug,3855.93,0.00,4549.99,0.00,0.00,0,0.00,0.00,,,0,,,694.06,0,0,,0.00,1,0
14518,,PR1198,,2018,Aug,1016.95,0.00,1200.00,0.00,0.00,0,0.00,0.00,,,0,,,183.05,0,0,,0.00,1,0
14519,,PR1199,,2018,Aug,847.46,0.00,1000.00,0.00,0.00,0,0.00,0.00,,,0,,,152.54,0,0,,0.00,1,0
14520,,PR1200,,2018,Aug,1843.22,0.00,2300.00,0.00,0.00,0,0.00,0.00,,,0,,,456.78,0,0,,0.00,1,0
14521,,PR1201,,2018,Aug,1250.00,0.00,1600.00,0.00,0.00,0,0.00,0.00,,,0,,,350.00,0,0,,0.00,1,0
14522,,PR1202,,2018,Aug,1250.00,0.00,1497.00,0.00,0.00,0,0.00,0.00,,,0,,,350.00,0,0,,0.00,1,0
14523,,PR1204,,2018,Aug,593.22,0.00,700.00,0.00,0.00,0,0.00,0.00,,,0,,,106.78,0,0,,0.00,1,0
14524,,PR1205,,2018,Aug,9868.24,0.00,11999.98,0.00,0.00,0,0.00,0.00,,,0,,,2131.74,0,0,,0.00,1,0
14525,,PR1206,,2018,Aug,593.22,0.00,565.00,0.00,0.00,0,0.00,0.00,,,0,,,106.78,0,0,,0.00,1,0
14526,,PR1208,,2018,Aug,466.10,0.00,550.00,0.00,0.00,0,0.00,0.00,,,0,,,83.90,0,0,,0.00,1,0
14527,,PR1209,,2018,Aug,466.10,0.00,390.00,0.00,0.00,0,0.00,0.00,,,0,,,83.90,0,0,,0.00,1,0
14528,,PR1210,,2018,Aug,466.10,0.00,390.00,0.00,0.00,0,0.00,0.00,,,0,,,83.90,0,0,,0.00,1,0
14529,,PR1211,,2018,Aug,1059.32,0.00,1250.00,0.00,0.00,0,0.00,0.00,,,0,,,190.68,0,0,,0.00,1,0
14530,,PR1212,,2018,Aug,2786.01,0.00,3349.99,0.00,0.00,0,0.00,0.00,,,0,,,563.98,0,0,,0.00,1,0
14531,,PR1213,,2018,Aug,625.00,0.00,800.00,0.00,0.00,0,0.00,0.00,,,0,,,175.00,0,0,,0.00,1,0
14532,,PR1216,,2018,Aug,466.10,0.00,550.00,0.00,0.00,0,0.00,0.00,,,0,,,83.90,0,0,,0.00,1,0
14533,,PR1217,,2018,Aug,466.10,0.00,550.00,0.00,0.00,0,0.00,0.00,,,0,,,83.90,0,0,,0.00,1,0
14534,,PR1218,,2018,Aug,2699.95,0.00,3350.01,0.00,0.00,0,0.00,0.00,,,0,,,650.06,0,0,,0.00,1,0
14535,,PR1219,,2018,Aug,2309.32,0.00,2850.00,0.00,0.00,0,0.00,0.00,,,0,,,540.68,0,0,,0.00,1,0
14536,,PR1220,,2018,Aug,593.22,0.00,700.00,0.00,0.00,0,0.00,0.00,,,0,,,106.78,0,0,,0.00,1,0
14537,,PR1221,,2018,Aug,2309.32,0.00,1350.00,0.00,0.00,0,0.00,0.00,,,0,,,540.68,0,0,,0.00,1,0
14538,,PR1223,,2018,Aug,1059.32,0.00,1250.00,0.00,0.00,0,0.00,0.00,,,0,,,190.68,0,0,,0.00,1,0
14539,,PR1224,,2018,Aug,593.22,0.00,700.00,0.00,0.00,0,0.00,0.00,,,0,,,106.78,0,0,,0.00,1,0
14540,,PR1225,,2018,Aug,1218.22,0.00,1558.00,0.00,0.00,0,0.00,0.00,,,0,,,281.78,0,0,,0.00,1,0
14541,,PR1226,,2018,Aug,1726.69,0.00,1825.99,0.00,0.00,0,0.00,0.00,,,0,,,373.30,0,0,,0.00,1,0
14542,,PR1227,,2018,Aug,1250.00,0.00,1600.00,0.00,0.00,0,0.00,0.00,,,0,,,350.00,0,0,,0.00,1,0
14543,,PR1228,,2018,Aug,3697.77,0.00,4648.40,0.00,0.00,0,0.00,0.00,,,0,,,950.63,0,0,,0.00,1,0
14544,,PR1229,,2018,Aug,466.10,0.00,550.00,0.00,0.00,0,0.00,0.00,,,0,,,83.90,0,0,,0.00,1,0
14545,,PR1230,,2018,Aug,593.22,0.00,700.00,0.00,0.00,0,0.00,0.00,,,0,,,106.78,0,0,,0.00,1,0
14546,,PR1231,,2018,Aug,2309.32,0.00,2850.00,0.00,0.00,0,0.00,0.00,,,0,,,540.68,0,0,,0.00,1,0
14547,,PR1232,,2018,Aug,466.10,0.00,550.00,0.00,0.00,0,0.00,0.00,,,0,,,83.90,0,0,,0.00,1,0
14548,,PR1234,,2018,Aug,1779.66,0.00,2100.00,0.00,0.00,0,0.00,0.00,,,0,,,320.34,0,0,,0.00,1,0
14549,,PR1235,,2018,Aug,2669.49,0.00,3147.00,0.00,0.00,0,0.00,0.00,,,0,,,480.51,0,0,,0.00,1,0
14550,,PR1236,,2018,Aug,1059.32,0.00,1250.00,0.00,0.00,0,0.00,0.00,,,0,,,190.68,0,0,,0.00,1,0
14551,,PR1237,,2018,Aug,535.81,0.00,632.26,0.00,0.00,0,0.00,0.00,,,0,,,96.45,0,0,,0.00,1,0
14552,,PR1238,,2018,Aug,1059.32,0.00,1250.00,0.00,0.00,0,0.00,0.00,,,0,,,190.68,0,0,,0.00,1,0
14553,,PR1239,,2018,Aug,990.98,0.00,1169.36,0.00,0.00,0,0.00,0.00,,,0,,,178.38,0,0,,0.00,1,0
14554,,PR1240,,2018,Aug,451.06,0.00,532.25,0.00,0.00,0,0.00,0.00,,,0,,,81.19,0,0,,0.00,1,0
14555,,PR1241,,2018,Aug,375.89,0.00,443.55,0.00,0.00,0,0.00,0.00,,,0,,,67.66,0,0,,0.00,1,0
14556,,PR1242,,2018,Aug,554.95,0.00,654.84,0.00,0.00,0,0.00,0.00,,,0,,,99.89,0,0,,0.00,1,0
14557,,PR1243,,2018,Aug,535.81,0.00,632.26,0.00,0.00,0,0.00,0.00,,,0,,,96.45,0,0,,0.00,1,0
14558,,PR1244,,2018,Aug,956.80,0.00,1129.03,0.00,0.00,0,0.00,0.00,,,0,,,172.23,0,0,,0.00,1,0
14559,,PR1245,,2018,Aug,390.92,0.00,461.29,0.00,0.00,0,0.00,0.00,,,0,,,70.37,0,0,,0.00,1,0
14560,,PR1246,,2018,Aug,390.92,0.00,461.29,0.00,0.00,0,0.00,0.00,,,0,,,70.37,0,0,,0.00,1,0
14561,,PR1247,,2018,Aug,927.42,0.00,1187.10,0.00,0.00,0,0.00,0.00,,,0,,,259.68,0,0,,0.00,1,0
14562,,PR1248,,2018,Aug,375.89,0.00,443.55,0.00,0.00,0,0.00,0.00,,,0,,,67.66,0,0,,0.00,1,0
14563,,PR1249,,2018,Aug,717.61,0.00,846.77,0.00,0.00,0,0.00,0.00,,,0,,,129.16,0,0,,0.00,1,0
14564,,PR1250,,2018,Aug,478.40,0.00,564.51,0.00,0.00,0,0.00,0.00,,,0,,,86.11,0,0,,0.00,1,0
14565,,PR1251,,2018,Aug,751.77,0.00,887.09,0.00,0.00,0,0.00,0.00,,,0,,,135.32,0,0,,0.00,1,0
14566,,PR1252,,2018,Aug,315.75,0.00,372.58,0.00,0.00,0,0.00,0.00,,,0,,,56.83,0,0,,0.00,1,0
14567,,PR1253,,2018,Aug,383.06,0.00,490.32,0.00,0.00,0,0.00,0.00,,,0,,,107.26,0,0,,0.00,1,0
14568,,PR1254,,2018,Aug,363.59,0.00,429.04,0.00,0.00,0,0.00,0.00,,,0,,,65.45,0,0,,0.00,1,0
14569,,PR1255,,2018,Aug,180.43,0.00,212.91,0.00,0.00,0,0.00,0.00,,,0,,,32.48,0,0,,0.00,1,0
14570,,PR1256,,2018,Aug,240.57,0.00,283.87,0.00,0.00,0,0.00,0.00,,,0,,,43.30,0,0,,0.00,1,0
14571,,PR1258,,2018,Aug,1237.02,0.00,1483.87,0.00,0.00,0,0.00,0.00,,,0,,,246.85,0,0,,0.00,1,0
14572,,PR1259,,2018,Aug,432.27,0.00,532.26,0.00,0.00,0,0.00,0.00,,,0,,,99.99,0,0,,0.00,1,0
14573,,PR1262,,2018,Aug,239.20,0.00,282.25,0.00,0.00,0,0.00,0.00,,,0,,,43.05,0,0,,0.00,1,0
14574,,PR1263,,2018,Aug,133.95,0.00,158.06,0.00,0.00,0,0.00,0.00,,,0,,,24.11,0,0,,0.00,1,0
14575,,PR1264,,2018,Aug,787.32,0.00,929.04,0.00,0.00,0,0.00,0.00,,,0,,,141.72,0,0,,0.00,1,0
14576,,PR1265,,2018,Aug,1133.47,0.00,1399.99,0.00,0.00,0,0.00,0.00,,,0,,,266.52,0,0,,0.00,1,0
14577,,PR1266,,2018,Aug,451.49,0.00,564.51,0.00,0.00,0,0.00,0.00,,,0,,,113.02,0,0,,0.00,1,0
14578,,PR1267,,2018,Aug,98.41,0.00,116.12,0.00,0.00,0,0.00,0.00,,,0,,,17.71,0,0,,0.00,1,0
14579,,PR1270,,2018,Aug,60.14,0.00,70.97,0.00,0.00,0,0.00,0.00,,,0,,,10.83,0,0,,0.00,1,0
14580,,PR1271,,2018,Aug,68.34,0.00,80.64,0.00,0.00,0,0.00,0.00,,,0,,,12.30,0,0,,0.00,1,0
