id,product_id,ptdvar_id,brand,purchase_type,status,prtd_location,in_service,vendor,sl_no,purchase_date,purchase_cost,expenses,rent_vendor,rent_purchase_date,rent_to_vendor_cost,bill_no,warranty_end_date,warranty_status,product_owned_type,month,year,close_status
45,AC1100015HRCT077171821,6,22,1,1,0,0,1,,07-07-17,29000.00,0.00,,0000-00-00,0.00,45,,0,0,7,2017,0
99,TV1076040VUTE051171567,11,27,1,1,0,0,1,,05-01-17,23450.00,0.00,,0000-00-00,0.00,99,,0,0,1,2017,0
130,TV1077040VUTE071171568,11,27,1,1,1,0,1,,07-01-17,23450.00,0.00,,0000-00-00,0.00,130,,0,0,1,2017,0
235,WM1146060WPCT101171546,3,6,1,1,0,0,1,,10-01-17,13200.00,0.00,,0000-00-00,0.00,235,,0,0,1,2017,0
247,AC1086010VSCT225171719,5,9,1,1,0,0,11,,22-05-17,21500.00,0.00,,0000-00-00,0.00,247,,0,0,5,2017,0
257,AC1061010LDTE093171657,5,14,1,1,0,0,1,,09-03-17,22000.00,0.00,,0000-00-00,0.00,257,,0,0,3,2017,0
293,SO1023003SSSS061171556,18,7,1,1,0,0,1,,06-01-17,13660.00,0.00,,0000-00-00,0.00,293,,0,0,1,2017,0
294,CT1009XXXSSSS051171551,21,7,1,1,1,0,1,,05-01-17,3650.00,0.00,,0000-00-00,0.00,294,,0,0,1,2017,0
295,WC1031DWCSSSS061171558,19,7,1,1,0,0,1,,06-01-17,14872.00,0.00,,0000-00-00,0.00,295,,0,0,1,2017,0
297,WC1032DWCSSSS061171559,19,7,1,1,0,0,1,,06-01-17,14872.00,0.00,,0000-00-00,0.00,297,,0,0,1,2017,0
305,CY1019HKBHSBC121171593,34,18,1,1,1,0,1,,12-01-17,7400.00,0.00,,0000-00-00,0.00,305,,0,0,1,2017,0
306,RE1126190SSCT241171591,2,2,1,1,0,0,1,,24-01-17,11500.00,0.00,,0000-00-00,0.00,306,,0,0,1,2017,0
316,RE1128190SSCT281171595,2,2,1,1,0,0,1,,28-01-17,11500.00,0.00,,0000-00-00,0.00,316,,0,0,1,2017,0
318,TU1009WTVSSSS012171604,22,7,1,1,0,0,1,,01-02-17,5966.00,0.00,,0000-00-00,0.00,318,,0,0,2,2017,0
320,WM1155060WPTE052171612,3,6,1,1,0,0,1,,05-02-17,13200.00,0.00,,0000-00-00,0.00,320,,0,0,2,2017,0
321,RE1133190WPTE052171613,2,6,1,1,0,0,1,,05-02-17,11100.00,0.00,,0000-00-00,0.00,321,,0,0,2,2017,0
323,IC1015ICQXXTE132171784,23,4,1,1,0,0,1,,13-02-17,3600.00,0.00,,0000-00-00,0.00,323,,0,0,2,2017,0
324,RE1134190SSCT092171616,2,2,1,1,0,0,1,,09-02-17,11500.00,0.00,,0000-00-00,0.00,324,,0,0,2,2017,0
325,RE1135190SSCT092171617,2,2,1,1,0,0,1,,09-02-17,11500.00,0.00,,0000-00-00,0.00,325,,0,0,2,2017,0
327,WM1156060WPCT142171624,3,6,1,1,0,0,1,,14-02-17,13200.00,0.00,,0000-00-00,0.00,327,,0,0,2,2017,0
328,RE1139190SSCT142171622,2,2,1,1,0,0,11,,14-02-17,11500.00,0.00,,0000-00-00,0.00,328,,0,0,2,2017,0
329,TV1081040VUTE082171615,11,27,1,1,0,0,11,,08-02-17,24550.00,0.00,,0000-00-00,0.00,329,,0,0,2,2017,0
332,RE1136190SSCT122171619,2,2,1,1,0,0,1,,12-02-17,11500.00,0.00,,0000-00-00,0.00,332,,0,0,2,2017,0
335,TV1084032VUCT212171629,10,27,1,1,1,0,1,,21-02-17,14700.00,0.00,,0000-00-00,0.00,335,,0,0,2,2017,0
337,RE1125240WPCT101171545,1,6,1,1,0,0,1,,10-01-17,19000.00,0.00,,0000-00-00,0.00,337,,0,0,1,2017,0
341,WC1039SWCSSSS013171633,20,7,1,1,1,0,11,,01-03-17,6864.00,0.00,,0000-00-00,0.00,341,,0,0,3,2017,0
342,WC1040SWCSSSS013171634,20,7,1,1,1,0,1,,01-03-17,6864.00,0.00,,0000-00-00,0.00,342,,0,0,3,2017,0
343,WC1034SWCSSSS101171561,20,7,1,1,0,0,1,,10-01-17,6864.00,0.00,,0000-00-00,0.00,343,,0,0,1,2017,0
344,MT1013SSMSSSS013171635,29,7,1,1,0,0,1,,01-03-17,4073.00,0.00,,0000-00-00,0.00,344,,0,0,3,2017,0
345,MT1014SSMSSSS013171636,29,7,1,1,0,0,1,,01-03-17,4073.00,0.00,,0000-00-00,0.00,345,,0,0,3,2017,0
346,MT1015SSMSSSS013171637,29,7,1,1,0,0,1,,01-03-17,4073.00,0.00,,0000-00-00,0.00,346,,0,0,3,2017,0
351,MT1054QSMSSSS043171811,27,7,1,1,0,0,1,,04-03-17,6023.00,0.00,,0000-00-00,0.00,351,,0,0,3,2017,0
353,RE1164190SSCT116171788,2,2,1,1,0,0,1,,11-06-17,11500.00,0.00,,0000-00-00,0.00,353,,0,0,6,2017,0
354,RE1129190SSCT281171596,2,2,1,1,0,0,1,,28-01-17,11500.00,0.00,,0000-00-00,0.00,354,,0,0,1,2017,0
355,TV1090032ZBZB093171652,10,3,1,1,0,0,1,,09-03-17,13500.00,0.00,,0000-00-00,0.00,355,,0,0,3,2017,0
357,TV1086032VUTE063171640,10,27,1,1,1,0,1,,06-03-17,14850.00,0.00,,0000-00-00,0.00,357,,0,0,3,2017,0
358,WM1159060WPCT063171643,3,6,1,1,0,0,1,,06-03-17,13200.00,0.00,,0000-00-00,0.00,358,,0,0,3,2017,0
364,MT1016QSMKLTE093171649,27,15,1,1,0,0,11,,09-03-17,6950.00,0.00,,0000-00-00,0.00,364,,0,0,3,2017,0
365,RE1144190SSTE093171647,2,6,1,1,0,0,11,,09-03-17,11500.00,0.00,,0000-00-00,0.00,365,,0,0,3,2017,0
366,TV1089032VUTE093171648,10,27,1,1,0,0,11,,09-03-17,14850.00,0.00,,0000-00-00,0.00,366,,0,0,3,2017,0
367,WM1160060WPCT093171644,3,6,1,1,0,0,11,,09-03-17,13200.00,0.00,,0000-00-00,0.00,367,,0,0,3,2017,0
369,RE1165190SSCT176171789,2,2,1,1,0,0,1,,17-06-17,11500.00,0.00,,0000-00-00,0.00,369,,0,0,6,2017,0
371,AC1064010LDTE173171662,5,14,1,1,0,0,11,,17-03-17,22000.00,0.00,,0000-00-00,0.00,371,,0,0,3,2017,0
373,TV1092032ZBZB163171660,10,3,1,1,1,0,1,,16-03-17,13500.00,0.00,,0000-00-00,0.00,373,,0,0,3,2017,0
374,WM1149060WPCT281171597,3,6,1,1,0,0,11,,28-01-17,13200.00,0.00,,0000-00-00,0.00,374,,0,0,1,2017,0
379,AC1066010LDTE213171664,5,14,1,1,0,0,1,,21-03-17,22000.00,0.00,,0000-00-00,0.00,379,,0,0,3,2017,0
380,RE1123190SSCT091171543,2,2,1,1,0,0,1,,09-01-17,12500.00,0.00,,0000-00-00,0.00,380,,0,0,1,2017,0
382,WM1161062WPTE212171665,3,6,1,1,0,0,1,,21-02-17,13450.00,0.00,,0000-00-00,0.00,382,,0,0,3,2017,0
385,WM1151060WPCT032171599,3,6,1,1,0,0,1,,03-02-17,13200.00,0.00,,0000-00-00,0.00,385,,0,0,2,2017,0
389,WC1056DWCIFIF115171755,19,23,1,1,1,0,1,,11-05-17,15000.00,0.00,,0000-00-00,0.00,389,,0,0,5,2017,0
390,MT1029QSMIFIF115171756,27,23,1,1,0,0,11,,11-05-17,6500.00,0.00,,0000-00-00,0.00,390,,0,0,5,2017,0
394,EB1006FUBHSOZ313171740,14,18,1,1,1,0,1,,31-03-17,14000.00,0.00,,0000-00-00,0.00,394,,0,0,3,2017,0
395,AC1068010LDCT273171667,5,14,1,1,0,0,1,,27-03-17,23000.00,0.00,,0000-00-00,0.00,395,,0,0,3,2017,0
397,AC1074010VSCT074171676,5,9,1,1,0,0,1,,07-04-17,21500.00,0.00,,0000-00-00,0.00,397,,0,0,4,2017,0
398,AC1069010VSCT044171671,5,9,1,1,0,0,1,,04-04-17,21500.00,0.00,,0000-00-00,0.00,398,,0,0,4,2017,0
399,AC1070010VSCT044171672,5,9,1,1,0,0,1,,04-04-17,21500.00,0.00,,0000-00-00,0.00,399,,0,0,4,2017,0
401,AC1071010VSCT064171673,5,9,1,1,0,0,1,,06-04-17,21500.00,0.00,,0000-00-00,0.00,401,,0,0,4,2017,0
402,AC1072010VSCT074171674,5,9,1,1,0,0,11,,07-04-17,21500.00,0.00,,0000-00-00,0.00,402,,0,0,4,2017,0
413,AC1073010VSCT074171675,5,9,1,1,0,0,1,,07-04-17,21500.00,0.00,,0000-00-00,0.00,413,,0,0,4,2017,0
418,IC1013ICQSSSS032171605,23,4,1,1,1,0,1,,03-02-17,3600.00,0.00,,0000-00-00,0.00,418,,0,0,2,2017,0
419,MT1055QSMSSSS103171812,27,7,1,1,1,0,11,,10-03-17,6023.00,0.00,,0000-00-00,0.00,419,,0,0,3,2017,0
420,WM1152060WPCT032171601,3,6,1,1,0,0,11,,03-02-17,13200.00,0.00,,0000-00-00,0.00,420,,0,0,2,2017,0
422,MT1056QSMSSSS114171813,27,7,1,1,0,0,11,,11-04-17,6023.00,0.00,,0000-00-00,0.00,422,,0,0,4,2017,0
423,MT1039QSMSSSS144171771,27,7,1,1,1,0,11,,14-04-17,6023.00,0.00,,0000-00-00,0.00,423,,0,0,4,2017,0
425,WC1046SWCSSSS154171695,20,7,1,1,0,0,1,,15-04-17,6240.00,0.00,,0000-00-00,0.00,425,,0,0,4,2017,0
426,WC1047SWCSSSS154171696,20,7,1,1,0,0,1,,15-04-17,6240.00,0.00,,0000-00-00,0.00,426,,0,0,4,2017,0
427,WC1048SWCSSSS154171697,20,7,1,1,0,0,1,,15-04-17,6240.00,0.00,,0000-00-00,0.00,427,,0,0,4,2017,0
428,MT1057QSMSSSS114171814,29,7,1,1,1,0,1,,11-04-17,4071.00,0.00,,0000-00-00,0.00,428,,0,0,4,2017,0
429,MT1019SSMSSSS154171692,29,7,1,1,0,0,1,,15-04-17,4073.00,0.00,,0000-00-00,0.00,429,,0,0,4,2017,0
430,MT1020SSMSSSS154171693,29,7,1,1,0,0,1,,15-04-17,4073.00,0.00,,0000-00-00,0.00,430,,0,0,4,2017,0
431,MT1021QSMSSSS154171694,29,7,1,1,0,0,1,,15-04-17,6569.00,0.00,,0000-00-00,0.00,431,,0,0,4,2017,0
436,AC1090010LDTE134171732,5,14,1,1,1,0,1,,13-04-17,22000.00,0.00,,0000-00-00,0.00,436,,0,0,4,2017,0
437,AC1091010LDTE134171733,5,14,1,1,0,0,1,,13-04-17,22000.00,0.00,,0000-00-00,0.00,437,,0,0,4,2017,0
440,CY1018HKBHSBC121171592,34,18,1,1,1,0,1,,12-01-17,7400.00,0.00,,0000-00-00,0.00,440,,0,0,1,2017,0
441,AC1092010LDTE134171734,5,14,1,1,0,0,1,,13-04-17,22000.00,0.00,,0000-00-00,0.00,441,,0,0,4,2017,0
442,RE1142190SSTE083171645,2,6,1,1,0,0,4,,08-03-17,11500.00,0.00,,0000-00-00,0.00,442,,0,0,3,2017,0
443,AC1076010VSCT114171678,5,9,1,1,0,0,8,,11-04-17,21500.00,0.00,,0000-00-00,0.00,443,,0,0,4,2017,0
444,WC1044DWCIFIF063171656,19,23,1,1,1,0,6,,06-03-17,15000.00,0.00,,0000-00-00,0.00,444,,0,0,3,2017,0
445,MT1022QSMSSSS224171698,27,7,1,1,0,0,6,,22-04-17,6569.00,0.00,,0000-00-00,0.00,445,,0,0,4,2017,0
446,RE1141190SSTE212171631,2,6,1,1,0,0,6,,21-02-17,11500.00,0.00,,0000-00-00,0.00,446,,0,0,2,2017,0
447,WM1158060WPTE212171632,3,6,1,1,0,0,6,,21-02-17,13200.00,0.00,,0000-00-00,0.00,447,,0,0,2,2017,0
449,RE1147190SSCT184171680,2,2,1,1,0,0,6,,18-04-17,11500.00,0.00,,0000-00-00,0.00,449,,0,0,4,2017,0
451,AC1077010VSCT194171682,5,9,1,1,0,0,6,,19-04-17,21500.00,0.00,,0000-00-00,0.00,451,,0,0,4,2017,0
452,AC1078010VSCT194171683,5,9,1,1,0,0,6,,19-04-17,21500.00,0.00,,0000-00-00,0.00,452,,0,0,4,2017,0
453,AC1079010VSCT204171685,5,9,1,1,0,0,6,,20-04-17,21500.00,0.00,,0000-00-00,0.00,453,,0,0,4,2017,0
454,AC1080010VSCT204171686,5,9,1,1,0,0,6,,20-04-17,21500.00,0.00,,0000-00-00,0.00,454,,0,0,4,2017,0
455,AC1081010VSCT204171687,5,9,1,1,0,0,6,,20-04-17,21500.00,0.00,,0000-00-00,0.00,455,,0,0,4,2017,0
457,RE1146190SSCT174171679,2,2,1,1,0,0,6,,17-04-17,11500.00,0.00,,0000-00-00,0.00,457,,0,0,4,2017,0
458,TV1095032VURH244171741,10,27,1,1,0,0,6,,24-04-17,14065.00,0.00,,0000-00-00,0.00,458,,0,0,4,2017,0
459,TV1096032VURH244171742,10,27,1,1,0,0,6,,24-04-17,14065.00,0.00,,0000-00-00,0.00,459,,0,0,4,2017,0
462,MT1058QSMSSSS224171815,27,7,1,1,0,0,6,,22-04-17,6023.00,0.00,,0000-00-00,0.00,462,,0,0,4,2017,0
467,RE1150190SSCT254171689,2,2,1,1,0,0,6,,25-04-17,11500.00,0.00,,0000-00-00,0.00,467,,0,0,4,2017,0
468,AC1082010VSCT204171688,5,9,1,1,0,0,6,,20-04-17,21500.00,0.00,,0000-00-00,0.00,468,,0,0,4,2017,0
469,TV1085040VUTE212171630,11,27,1,1,1,0,6,,21-02-17,24550.00,0.00,,0000-00-00,0.00,469,,0,0,2,2017,0
471,AC1093010VSCT025171799,5,9,1,1,0,0,6,,02-05-17,21500.00,0.00,,0000-00-00,0.00,471,,0,0,5,2017,0
474,AC1094010VSCT025171800,5,9,1,1,0,0,6,,02-05-17,21500.00,0.00,,0000-00-00,0.00,474,,0,0,5,2017,0
478,RE1149190SSCT194171684,2,2,1,1,0,0,6,,19-04-17,11500.00,0.00,,0000-00-00,0.00,478,,0,0,4,2017,0
480,MT1012QSMKLTE052171610,27,15,1,1,0,0,6,,05-02-17,6950.00,0.00,,0000-00-00,0.00,480,,0,0,2,2017,0
482,MT1017QSMKLTE093171654,27,15,1,1,0,0,6,,09-03-17,6950.00,0.00,,0000-00-00,0.00,482,,0,0,3,2017,0
484,AC1095010VSCT295171801,5,9,1,1,0,0,6,,29-05-17,21500.00,0.00,,0000-00-00,0.00,484,,0,0,5,2017,0
485,AC1096010VSCT295171802,5,9,1,1,0,0,6,,29-05-17,21500.00,0.00,,0000-00-00,0.00,485,,0,0,5,2017,0
489,SO1031003IFIF254171751,18,23,1,1,0,0,6,,25-04-17,14000.00,0.00,,0000-00-00,0.00,489,,0,0,4,2017,0
490,SO1032001IFIF254171752,37,23,1,1,0,0,6,,25-04-17,5000.00,0.00,,0000-00-00,0.00,490,,0,0,4,2017,0
491,SO1033001IFIF254171753,37,23,1,1,0,0,6,,25-04-17,5000.00,0.00,,0000-00-00,0.00,491,,0,0,4,2017,0
493,AC1083010VSCT115171691,5,9,1,1,0,0,6,,11-05-17,21500.00,0.00,,0000-00-00,0.00,493,,0,0,5,2017,0
494,RE1151190SSCT125171709,2,2,1,1,0,0,6,,12-05-17,11500.00,0.00,,0000-00-00,0.00,494,,0,0,5,2017,0
495,RE1152190SSCT125171710,2,2,1,1,0,0,6,,12-05-17,11500.00,0.00,,0000-00-00,0.00,495,,0,0,5,2017,0
498,AC1087010VSCT255171720,5,9,1,1,0,0,1,,25-05-17,21500.00,0.00,,0000-00-00,0.00,498,,0,0,5,2017,0
499,TV1098032VURH135171744,10,27,1,1,0,0,11,,13-05-17,14065.00,0.00,,0000-00-00,0.00,499,,0,0,5,2017,0
500,WC1052DWCSSSS225171707,19,7,1,1,0,0,11,,22-05-17,13520.00,0.00,,0000-00-00,0.00,500,,0,0,5,2017,0
501,MT1030QSMIFIF225171757,27,23,1,1,1,0,11,,22-05-17,6500.00,0.00,,0000-00-00,0.00,501,,0,0,5,2017,0
502,RE1154190SSCT185171715,2,2,1,1,0,0,11,,18-05-17,11500.00,0.00,,0000-00-00,0.00,502,,0,0,5,2017,0
504,RE1153190SSCT175171714,2,2,1,1,0,0,6,,17-05-17,11500.00,0.00,,0000-00-00,0.00,504,,0,0,5,2017,0
505,RE1160190SSTE195171736,2,2,1,1,0,0,20,,19-05-17,12100.00,0.00,,0000-00-00,0.00,505,,0,0,5,2017,0
507,WC1051DWCSSSS095171706,19,7,1,1,1,0,20,,09-05-17,13520.00,0.00,,0000-00-00,0.00,507,,0,0,5,2017,0
509,MT1026QSMSSSS015171703,27,7,1,1,0,0,20,,01-05-17,6567.00,0.00,,0000-00-00,0.00,509,,0,0,5,2017,0
510,MT1027QSMSSSS095171705,27,7,1,1,0,0,20,,09-05-17,6569.00,0.00,,0000-00-00,0.00,510,,0,0,5,2017,0
513,RE1140190SSCT142171623,2,2,1,1,0,0,6,,14-02-17,11500.00,0.00,,0000-00-00,0.00,513,,0,0,2,2017,0
514,WM1167062WPTE195171737,3,6,1,1,0,0,6,,19-05-17,13175.00,0.00,,0000-00-00,0.00,514,,0,0,5,2017,0
516,CT1010XXXSSSS061171553,21,7,1,1,0,0,6,,06-01-17,3650.00,0.00,,0000-00-00,0.00,516,,0,0,1,2017,0
517,RE1161190SSTE245171785,2,2,1,1,0,0,6,,24-05-17,11500.00,0.00,,0000-00-00,0.00,517,,0,0,5,2017,0
518,AC1084015VSCT185171717,6,9,1,1,0,0,6,,18-05-17,26000.00,0.00,,0000-00-00,0.00,518,,0,0,5,2017,0
519,TV1099032VURH225171745,10,27,1,1,0,0,6,,22-05-17,14065.00,0.00,,0000-00-00,0.00,519,,0,0,5,2017,0
520,AC1085010VSCT225171718,5,9,1,1,0,0,6,,22-05-17,21500.00,0.00,,0000-00-00,0.00,520,,0,0,5,2017,0
524,TV1083032VUCT212171628,10,27,1,1,0,0,6,,21-02-17,14700.00,0.00,,0000-00-00,0.00,524,,0,0,2,2017,0
525,AC1097010VSCT315171803,5,9,1,1,0,0,6,,31-05-17,21500.00,0.00,,0000-00-00,0.00,525,,0,0,5,2017,0
526,TV1075040VUTE051171566,11,27,1,1,1,0,6,,05-01-17,23450.00,0.00,,0000-00-00,0.00,526,,0,0,1,2017,0
528,WM1148060WPCT171171589,3,6,1,1,0,0,11,,17-01-17,13200.00,0.00,,0000-00-00,0.00,528,,0,0,1,2017,0
530,MT1007QSMSSSS061171554,27,7,1,1,0,0,1,,06-01-17,6563.00,0.00,,0000-00-00,0.00,530,,0,0,1,2017,0
535,AC1088010VSCT016171721,5,9,1,1,0,0,21,,01-06-17,21500.00,0.00,,0000-00-00,0.00,535,,0,0,6,2017,0
536,AC1089010VSCT066171725,5,9,1,1,0,0,2,,06-06-17,21500.00,0.00,,0000-00-00,0.00,536,,0,0,6,2017,0
537,RE1157190SSCT066171724,2,2,1,1,0,0,13,,06-06-17,11500.00,0.00,,0000-00-00,0.00,537,,0,0,6,2017,0
538,RE1156190SSCT056171723,2,2,1,1,0,0,16,,05-06-17,11700.00,0.00,,0000-00-00,0.00,538,,0,0,6,2017,0
540,RE1155190SSCT046171722,2,2,1,1,0,0,13,,04-06-17,11500.00,0.00,,0000-00-00,0.00,540,,0,0,6,2017,0
547,MT1040QSMSSSS086171772,27,7,1,1,1,0,16,,08-06-17,6023.00,0.00,,0000-00-00,0.00,547,,0,0,6,2017,0
554,RE1138190SSCT142171621,2,2,1,1,0,0,2,,14-02-17,11500.00,0.00,,0000-00-00,0.00,554,,0,0,2,2017,0
559,RE1167190SSCT116171791,2,2,1,1,0,0,17,,11-06-17,11500.00,0.00,,0000-00-00,0.00,559,,0,0,6,2017,0
563,RE1170190SSCT146171816,2,2,1,1,0,0,12,,14-06-17,11700.00,0.00,,0000-00-00,0.00,563,,0,0,6,2017,0
564,RE1162190SSTE126171786,2,2,1,1,0,0,12,,12-06-17,11500.00,0.00,,0000-00-00,0.00,564,,0,0,6,2017,0
568,RE1168190SSCT146171792,2,2,1,1,0,0,4,,14-06-17,11500.00,0.00,,0000-00-00,0.00,568,,0,0,6,2017,0
569,WM1169062WPCT146171795,3,6,1,1,0,0,4,,14-06-17,13200.00,0.00,,0000-00-00,0.00,569,,0,0,6,2017,0
573,WC1053DWCSSSS225171708,19,7,1,1,0,0,4,,22-05-17,13520.00,0.00,,0000-00-00,0.00,573,,0,0,5,2017,0
574,WM1171062WPTE156171797,3,6,1,1,0,0,4,,15-06-17,13200.00,0.00,,0000-00-00,0.00,574,,0,0,6,2017,0
575,RE1163190SSTE156171787,2,2,1,1,0,0,4,,15-06-17,11500.00,0.00,,0000-00-00,0.00,575,,0,0,6,2017,0
576,WM1172062WPTE156171798,3,6,1,1,0,0,4,,15-06-17,13200.00,0.00,,0000-00-00,0.00,576,,0,0,6,2017,0
577,RE1169190SSCT176171793,2,2,1,1,0,0,4,,17-06-17,11500.00,0.00,,0000-00-00,0.00,577,,0,0,6,2017,0
578,RE1124190SSCT091171544,2,2,1,1,0,0,19,,09-01-17,12500.00,0.00,,0000-00-00,0.00,578,,0,0,1,2017,0
581,AC1065010LDTE193171663,5,14,1,1,0,0,4,,19-03-17,22000.00,0.00,,0000-00-00,0.00,581,,0,0,3,2017,0
583,AC1067010LDTE253171666,5,14,1,1,0,0,4,,25-03-17,22000.00,0.00,,0000-00-00,0.00,583,,0,0,3,2017,0
587,MT1059QSMSSSS236171817,27,7,1,1,0,0,4,,23-06-17,6023.00,0.00,,0000-00-00,0.00,587,,0,0,6,2017,0
599,AC1075010VSCT114171677,5,9,1,1,0,0,4,,11-04-17,21500.00,0.00,,0000-00-00,0.00,599,,0,0,4,2017,0
602,AC1062010LDTE153171658,5,14,1,1,0,0,4,,15-03-17,22000.00,0.00,,0000-00-00,0.00,602,,0,0,3,2017,0
604,AC1098010VSCT037171819,5,9,1,1,0,0,4,,03-07-17,22000.00,0.00,,0000-00-00,0.00,604,,0,0,7,2017,0
605,AC1099010VSCT037171820,5,9,1,1,0,0,4,,03-07-17,21500.00,0.00,,0000-00-00,0.00,605,,0,0,7,2017,0
608,WM1153060WPCT032171602,3,6,1,1,0,0,4,,03-02-17,13200.00,0.00,,0000-00-00,0.00,608,,0,0,2,2017,0
611,MT1011QSMSSSS032171606,27,7,1,1,0,0,4,,03-02-17,6568.00,0.00,,0000-00-00,0.00,611,,0,0,2,2017,0
613,WC1033SWCSSSS101171560,20,7,1,1,0,0,4,,10-01-17,6864.00,0.00,,0000-00-00,0.00,613,,0,0,1,2017,0
614,MT1010SSMSSSS171171590,29,7,1,1,0,0,11,,17-01-17,4457.00,0.00,,0000-00-00,0.00,614,,0,0,1,2017,0
616,MT1031QSMIFIF225171758,27,23,1,1,0,0,11,,22-05-17,6500.00,0.00,,0000-00-00,0.00,616,,0,0,5,2017,0
620,IC1009ICQSSSS061171555,23,4,1,1,1,0,4,,06-01-17,3600.00,0.00,,0000-00-00,0.00,620,,0,0,1,2017,0
629,WM1150060WPCT271171598,3,6,1,1,0,0,4,,27-01-17,13200.00,0.00,,0000-00-00,0.00,629,,0,0,1,2017,0
631,RE1166190SSCT116171790,2,2,1,1,0,0,4,,11-06-17,11500.00,0.00,,0000-00-00,0.00,631,,0,0,6,2017,0
633,WM1145060WPCT091171542,3,6,1,1,0,0,4,,09-01-17,13200.00,0.00,,0000-00-00,0.00,633,,0,0,1,2017,0
637,RE1148190SSCT184171681,2,2,1,1,0,0,4,,18-04-17,11500.00,0.00,,0000-00-00,0.00,637,,0,0,4,2017,0
639,RE1159190SSTE135171735,2,2,1,1,0,0,4,,13-05-17,12100.00,0.00,,0000-00-00,0.00,639,,0,0,5,2017,0
641,WC1054SWCSVSV294171729,20,20,1,1,0,0,4,,29-04-17,5800.00,0.00,,0000-00-00,0.00,641,,0,0,4,2017,0
642,SO1029003SVSV294171727,18,20,1,1,1,0,4,,29-04-17,10350.00,0.00,,0000-00-00,0.00,642,,0,0,4,2017,0
643,TU1010WTVSVSV294171728,22,20,1,1,0,0,4,,29-04-17,6500.00,0.00,,0000-00-00,0.00,643,,0,0,4,2017,0
644,CT1013XXXSVSV294171730,21,20,1,1,1,0,4,,29-04-17,4800.00,0.00,,0000-00-00,0.00,644,,0,0,4,2017,0
645,TV1094050VUES294171731,38,27,1,1,1,0,4,,29-04-17,38500.00,0.00,,0000-00-00,0.00,645,,0,0,4,2017,0
646,RE1158190SSMG294171726,2,2,1,1,0,0,4,,29-04-17,12300.00,0.00,,0000-00-00,0.00,646,,0,0,4,2017,0
647,TV1100032VURH225171746,10,27,1,1,1,0,4,,22-05-17,14065.00,0.00,,0000-00-00,0.00,647,,0,0,5,2017,0
652,TV1079040VUTE032171603,11,27,1,1,0,0,11,,03-02-17,24500.00,0.00,,0000-00-00,0.00,652,,0,0,2,2017,0
653,TV1080040VUTE052171614,11,27,1,1,1,0,11,,05-02-17,24850.00,0.00,,0000-00-00,0.00,653,,0,0,2,2017,0
660,WM1162060WPCT254171690,3,6,1,1,0,0,1,,25-04-17,13450.00,0.00,,0000-00-00,0.00,660,,0,0,4,2017,0
661,WM1166060WPCT185171716,3,6,1,1,0,0,1,,18-05-17,13200.00,0.00,,0000-00-00,0.00,661,,0,0,5,2017,0
662,WM1164060WPCT175171712,3,6,1,1,0,0,1,,17-05-17,13200.00,0.00,,0000-00-00,0.00,662,,0,0,5,2017,0
663,IC1016ICQSSSS236171818,23,7,1,1,1,0,4,,23-06-17,3600.00,0.00,,0000-00-00,0.00,663,,0,0,6,2017,0
664,MT1024QSMSSSS224171700,27,7,1,1,0,0,4,,22-04-17,6567.00,0.00,,0000-00-00,0.00,664,,0,0,4,2017,0
665,WM1154060WPCT211171607,3,6,1,1,0,0,1,,21-01-17,13200.00,0.00,,0000-00-00,0.00,665,,0,0,1,2017,0
666,AC1063010LDTE153171659,5,14,1,1,0,0,11,,15-03-17,22000.00,0.00,,0000-00-00,0.00,666,,0,0,3,2017,0
667,WC1049DWCSSSS015171701,19,7,1,1,0,0,4,,01-05-17,13520.00,0.00,,0000-00-00,0.00,667,,0,0,5,2017,0
668,MT1025QSMSSSS015171702,27,7,1,1,0,0,4,,01-05-17,6567.00,0.00,,0000-00-00,0.00,668,,0,0,5,2017,0
674,WC1041SWCTETE063171638,20,25,1,1,0,0,11,,06-03-17,6250.00,0.00,,0000-00-00,0.00,674,,0,0,3,2017,0
684,RE1132190SSCT121171609,2,2,1,1,0,0,1,,12-01-17,11500.00,0.00,,0000-00-00,0.00,684,,0,0,1,2017,0
686,WC1043DWCIFIF063171655,19,23,1,1,0,0,22,,06-03-17,15000.00,0.00,,0000-00-00,0.00,686,,0,0,3,2017,0
691,CT1011XXXSSSS101171565,21,7,1,1,0,0,4,,10-01-17,3648.00,0.00,,0000-00-00,0.00,691,,0,0,1,2017,0
692,WM1157060WPCT142171625,3,6,1,1,0,0,1,,14-02-17,13200.00,0.00,,0000-00-00,0.00,692,,0,0,2,2017,0
695,TV1087032VUTE063171641,10,27,1,1,0,0,11,,06-03-17,14850.00,0.00,,0000-00-00,0.00,695,,0,0,3,2017,0
697,WC1042SWCTETE063171639,20,25,1,1,0,0,11,,06-03-17,6250.00,0.00,,0000-00-00,0.00,697,,0,0,3,2017,0
698,TV1088032VUTE063171642,10,27,1,1,1,0,11,,06-03-17,14850.00,0.00,,0000-00-00,0.00,698,,0,0,3,2017,0
701,WM1165060WPCT175171713,3,6,1,1,0,0,1,,17-05-17,13200.00,0.00,,0000-00-00,0.00,701,,0,0,5,2017,0
706,WM1049060WPCT099171825,3,6,1,1,0,0,1,,09-09-17,13100.00,0.00,,0000-00-00,0.00,706,,0,0,9,2017,0
707,MT1023QSMSSSS224171699,27,7,1,1,0,0,4,,22-04-17,6567.00,0.00,,0000-00-00,0.00,707,,0,0,4,2017,0
708,WM1050160WPCT099171826,3,6,1,1,0,0,1,,09-09-17,13100.00,0.00,,0000-00-00,0.00,708,,0,0,9,2017,0
709,RE1143190SSTE083171646,2,6,1,1,0,0,11,,08-03-17,11500.00,0.00,,0000-00-00,0.00,709,,0,0,3,2017,0
710,TV1082032VUCT092171618,10,27,1,1,0,0,1,,09-02-17,14700.00,0.00,,0000-00-00,0.00,710,,0,0,2,2017,0
711,RE1145190SSCT273171668,2,2,1,1,0,0,1,,27-03-17,11500.00,0.00,,0000-00-00,0.00,711,,0,0,3,2017,0
713,WM1173062WPTE199171827,3,6,1,1,0,0,11,,19-09-17,13100.00,0.00,,0000-00-00,0.00,713,,0,0,9,2017,0
715,WM1174062WPTE199171828,3,6,1,1,0,0,11,,19-09-17,13100.00,0.00,,0000-00-00,0.00,715,,0,0,9,2017,0
718,TV1103040TCRH269171838,11,28,1,1,0,0,20,,26-09-17,22990.00,0.00,,0000-00-00,0.00,718,,0,0,9,2017,0
720,RE1171190SSCT229171836,2,2,1,1,0,0,1,,22-09-17,11600.00,0.00,,0000-00-00,0.00,720,,0,0,9,2017,0
721,RE1172190SSCT239171837,2,2,1,1,0,0,1,,23-09-17,11500.00,0.00,,0000-00-00,0.00,721,,0,0,9,2017,0
722,TU1005WTVSSSS061171552,22,7,1,1,0,0,4,,06-01-17,5966.00,0.00,,0000-00-00,0.00,722,,0,0,1,2017,0
723,TV1097032VURH135171743,10,27,1,1,0,0,20,,13-05-17,14065.00,0.00,,0000-00-00,0.00,723,,0,0,5,2017,0
784,SO1036001SSSS061171841,37,7,1,1,0,0,4,,06-01-17,5000.00,0.00,,0000-00-00,0.00,784,,0,0,1,2017,0
785,SO1024001SSSS061171557,37,7,1,1,0,0,4,,06-01-17,5000.00,0.00,,0000-00-00,0.00,785,,0,0,1,2017,0
786,TU1006WTVSSSS101171562,22,7,1,1,0,0,4,,10-01-17,5966.00,0.00,,0000-00-00,0.00,786,,0,0,1,2017,0
789,RE1127320VTTE281171594,26,19,1,1,0,0,11,,28-01-17,30400.00,0.00,,0000-00-00,0.00,789,,0,0,1,2017,0
790,RE1130190SSCT032171600,2,2,1,1,0,0,1,,03-02-17,11800.00,0.00,,0000-00-00,0.00,790,,0,0,2,2017,0
791,WC1038DWCTETE052171611,19,25,1,1,1,0,11,,05-02-17,7850.00,0.00,,0000-00-00,0.00,791,,0,0,2,2017,0
792,RE1137190SSCT142171620,2,2,1,1,0,0,1,,14-02-17,11500.00,0.00,,0000-00-00,0.00,792,,0,0,2,2017,0
794,SO1028003IFIF212171627,18,23,1,1,0,0,12,,21-02-17,14000.00,0.00,,0000-00-00,0.00,794,,0,0,2,2017,0
796,TV1093032ZBZB163171661,10,3,1,1,0,0,6,,16-03-17,13500.00,0.00,,0000-00-00,0.00,796,,0,0,3,2017,0
797,WC1045SWCSSSS273171669,20,7,1,1,0,0,4,,27-03-17,6240.00,0.00,,0000-00-00,0.00,797,,0,0,3,2017,0
798,MT1018SSMSSSS273171670,29,7,1,1,0,0,4,,27-03-17,4073.00,0.00,,0000-00-00,0.00,798,,0,0,3,2017,0
799,WC1050DWCSSSS015171704,19,7,1,1,1,0,4,,01-05-17,13520.00,0.00,,0000-00-00,0.00,799,,0,0,5,2017,0
800,WM1163060WPCT165171711,3,6,1,1,0,0,1,,16-05-17,13200.00,0.00,,0000-00-00,0.00,800,,0,0,5,2017,0
801,WM1168062WPTE195171738,3,6,1,1,0,0,11,,19-05-17,13175.00,0.00,,0000-00-00,0.00,801,,0,0,5,2017,0
802,MT1028QSMSSSS145171739,27,7,1,1,0,0,4,,14-05-17,6567.00,0.00,,0000-00-00,0.00,802,,0,0,5,2017,0
803,SO1030003IFIF182171747,18,23,1,1,0,0,12,,18-02-17,14000.00,0.00,,0000-00-00,0.00,803,,0,0,2,2017,0
804,SO1034003IFIF115171754,18,23,1,1,1,0,12,,11-05-17,14000.00,0.00,,0000-00-00,0.00,804,,0,0,5,2017,0
806,WC1062SWCSSSS101171782,20,7,1,1,1,0,4,,10-01-17,5999.00,0.00,,0000-00-00,0.00,806,,0,0,1,2017,0
808,WC1063DWCSSSS252171806,19,7,1,1,0,0,4,,25-02-17,13000.00,0.00,,0000-00-00,0.00,808,,0,0,2,2017,0
811,CY1023HKBHSSC307171824,35,18,1,1,1,0,16,,30-07-17,8250.00,0.00,,0000-00-00,0.00,811,,0,0,7,2017,0
812,TV1104039HRCT02O171839,11,22,1,1,0,0,1,,02-10-17,24500.00,0.00,,0000-00-00,0.00,812,,0,0,10,2017,0
814,TV1105040TCRH21O171843,11,28,1,1,0,0,20,,21-10-17,24850.00,0.00,,0000-00-00,0.00,814,,0,0,10,2017,0
815,TV1106040INRH06N171846,11,28,1,1,0,0,20,,06-11-17,24850.00,0.00,,0000-00-00,0.00,815,,0,0,11,2017,0
816,DT1014D4SSSSS06N171847,40,7,1,1,0,0,4,,06-11-17,9750.00,0.00,,0000-00-00,0.00,816,,0,0,11,2017,0
817,CT1014XXXSVSV06N171848,21,7,1,1,0,0,19,,06-11-17,3185.00,0.00,,0000-00-00,0.00,817,,0,0,11,2017,0
818,CT1015XXXSVSV06N171849,21,7,1,1,0,0,19,,06-11-17,3185.00,0.00,,0000-00-00,0.00,818,,0,0,11,2017,0
819,RE1174190SSCT17N171850,2,2,1,1,0,0,1,,17-11-17,11500.00,0.00,,0000-00-00,0.00,819,,0,0,11,2017,0
820,RE1175190SSCT18N171852,2,2,1,1,0,0,1,,18-11-17,11500.00,0.00,,0000-00-00,0.00,820,,0,0,11,2017,0
821,RE1176190SSCT20N171855,2,2,1,1,0,0,1,,20-11-17,11500.00,0.00,,0000-00-00,0.00,821,,0,0,11,2017,0
822,RE1177190SSMG246171857,2,2,1,1,0,0,18,,24-06-17,11500.00,0.00,,0000-00-00,0.00,822,,0,0,6,2017,0
823,RE1178190SSMG256171858,2,2,1,1,0,0,18,,25-06-17,11500.00,0.00,,0000-00-00,0.00,823,,0,0,6,2017,0
824,RE1179190WPMG08O171859,2,2,1,1,1,0,18,,08-10-17,11500.00,0.00,,0000-00-00,0.00,824,,0,0,10,2017,0
825,WC1064SWCXXBH11N171862,20,4,1,1,0,0,8,,11-11-17,2000.00,0.00,,0000-00-00,0.00,825,,0,0,11,2017,0
826,DT1013D4SSSSS101171564,40,7,1,1,0,0,4,,10-01-17,9750.00,0.00,,0000-00-00,0.00,826,,0,0,1,2017,0
827,MT1060SSMXXBH11N171863,29,4,1,1,0,0,8,,11-11-17,4071.00,0.00,,0000-00-00,0.00,827,,0,0,11,2017,0
828,MT1063QSMXXTE08D171887,27,4,1,1,0,0,11,,08-12-17,6023.00,0.00,,0000-00-00,0.00,828,,0,0,11,2017,0
829,MT1061QSMXXTE08D171886,27,4,1,1,0,0,11,,08-12-17,6023.00,0.00,,0000-00-00,0.00,829,,0,0,12,2017,0
830,MW1018020IFCT131171588,7,12,1,1,0,0,1,,13-01-17,9500.00,0.00,,0000-00-00,0.00,830,,0,0,1,2017,0
831,CT1016XXXSSSS07D171891,21,7,1,1,0,0,4,,07-12-17,3185.00,0.00,,0000-00-00,0.00,831,,0,0,12,2017,0
832,DT1015D6SSSSS07D171893,30,7,1,1,0,0,4,,07-12-17,15407.00,0.00,,0000-00-00,0.00,832,,0,0,12,2017,0
833,MT1062SSMSSSS101171563,29,7,1,1,0,0,4,,10-01-17,4071.00,0.00,,0000-00-00,0.00,833,,0,0,1,2017,0
834,RE1180240WPCT07D171871,1,6,1,1,0,0,1,,07-12-17,11500.00,0.00,,0000-00-00,0.00,834,,0,0,12,2017,0
835,RE1186240WPCT17D171879,1,6,1,1,0,0,1,,17-12-17,11500.00,0.00,,0000-00-00,0.00,835,,0,0,12,2017,0
836,CT1017XXXSSSS19D171892,21,7,1,1,0,0,4,,19-12-17,3185.00,0.00,,0000-00-00,0.00,836,,0,0,12,2017,0
837,MT1065QSMXXTE15D171889,27,4,1,1,0,0,11,,15-12-17,6023.00,0.00,,0000-00-00,0.00,837,,0,0,12,2017,0
838,RE1184190SSCT16D171877,2,2,1,1,0,0,1,,16-12-17,11500.00,0.00,,0000-00-00,0.00,838,,0,0,12,2017,0
839,RE1185190SSCT17D171878,2,2,1,1,0,0,1,,17-12-17,11500.00,0.00,,0000-00-00,0.00,839,,0,0,12,2017,0
840,MW1019020WPMG115171856,7,6,1,1,1,0,18,,11-05-17,8500.00,0.00,,0000-00-00,0.00,840,,0,0,5,2017,0
841,RE1189190SSMG27D171883,2,2,1,1,0,0,18,,27-12-17,11500.00,0.00,,0000-00-00,0.00,841,,0,0,12,2017,0
857,RE1131190SSCT081171608,2,2,1,1,0,0,1,,08-01-17,11500.00,0.00,,0000-00-00,0.00,857,,0,0,1,2017,0
858,MW1020020WPCT02D171867,7,6,1,1,1,0,1,,02-12-17,8500.00,0.00,,0000-00-00,0.00,858,,0,0,12,2017,0
859,RE1181190WPCT13D171872,2,6,1,1,0,0,1,,13-12-17,11500.00,0.00,,0000-00-00,0.00,859,,0,0,12,2017,0
860,RE1182190SSCT14D171873,2,2,1,1,0,0,1,,14-12-17,11500.00,0.00,,0000-00-00,0.00,860,,0,0,12,2017,0
861,RE1183190SSCT15D171875,2,2,1,1,0,0,1,,15-12-17,11500.00,0.00,,0000-00-00,0.00,861,,0,0,12,2017,0
862,RE1187190SSCT19D171880,2,2,1,1,0,0,1,,19-12-17,11500.00,0.00,,0000-00-00,0.00,862,,0,0,12,2017,0
863,RE1188190SSCT20D171882,2,2,1,1,0,0,1,,20-12-17,11500.00,0.00,,0000-00-00,0.00,863,,0,0,12,2017,0
864,MT1064SSMKLTE10D171888,29,15,1,1,1,0,11,,10-12-17,4071.00,0.00,,0000-00-00,0.00,864,,0,0,12,2017,0
865,MT1066SSMKLSS19D171890,29,15,1,1,1,0,4,,19-12-17,4071.00,0.00,,0000-00-00,0.00,865,,0,0,12,2017,0
875,WM1175060WPCT209171829,3,6,1,1,0,0,1,,20-09-17,13400.00,0.00,,0000-00-00,0.00,875,,0,0,9,2017,0
876,WM1176060WPCT209171830,3,6,1,1,0,0,1,,20-09-17,13400.00,0.00,,0000-00-00,0.00,876,,0,0,9,2017,0
877,WM1177060WPCT229171831,3,6,1,1,0,0,1,,22-09-17,13400.00,0.00,,0000-00-00,0.00,877,,0,0,9,2017,0
878,WM1178060WPCT239171832,3,6,1,1,0,0,1,,23-09-17,13400.00,0.00,,0000-00-00,0.00,878,,0,0,9,2017,0
879,WM1179060WPCT239171833,3,6,1,1,0,0,1,,23-09-17,13400.00,0.00,,0000-00-00,0.00,879,,0,0,9,2017,0
880,WM1180060WPCT259171834,3,6,1,1,0,0,1,,25-09-17,13400.00,0.00,,0000-00-00,0.00,880,,0,0,9,2017,0
881,WM1181060WPCT259171835,3,6,1,1,0,0,1,,25-09-17,13400.00,0.00,,0000-00-00,0.00,881,,0,0,9,2017,0
882,WM1182060WPCT07D161842,3,6,1,1,0,0,1,,07-12-16,13400.00,0.00,,0000-00-00,0.00,882,,0,0,12,2017,0
883,WM1183060WPCT28O171844,3,6,1,1,0,0,1,,28-10-17,13400.00,0.00,,0000-00-00,0.00,883,,0,0,10,2017,0
884,WM1184060WPCT05N171845,3,6,1,1,0,0,1,,05-11-17,13400.00,0.00,,0000-00-00,0.00,884,,0,0,11,2017,0
885,WM1185060WPCT17N171851,3,6,1,1,0,0,1,,17-11-17,13400.00,0.00,,0000-00-00,0.00,885,,0,0,11,2017,0
886,WM1186060WPCT20N171853,3,6,1,1,0,0,1,,20-11-17,13400.00,0.00,,0000-00-00,0.00,886,,0,0,11,2017,0
887,WM1187060WPCT20N171854,3,6,1,1,0,0,1,,20-11-17,13400.00,0.00,,0000-00-00,0.00,887,,0,0,11,2017,0
888,WM1188060WPBR246171860,3,6,1,1,0,0,25,,24-06-17,13600.00,0.00,,0000-00-00,0.00,888,,0,0,6,2017,0
889,WM1200060WPBR176171861,3,6,1,1,0,0,1,,17-06-17,13400.00,0.00,,0000-00-00,0.00,889,,0,0,6,2017,0
890,WM1199060WPCT21N171864,3,6,1,1,0,0,1,,21-11-17,13400.00,0.00,,0000-00-00,0.00,890,,0,0,11,2017,0
891,WM1189060WPCT26N171865,3,6,1,1,0,0,1,,26-11-17,13400.00,0.00,,0000-00-00,0.00,891,,0,0,11,2017,0
892,WM1190060WPCT01D171866,3,6,1,1,0,0,1,,01-12-17,13400.00,0.00,,0000-00-00,0.00,892,,0,0,12,2017,0
893,WM1191060WPCT04D171868,3,6,1,1,0,0,1,,04-12-17,13400.00,0.00,,0000-00-00,0.00,893,,0,0,12,2017,0
894,WM1192060WPCT07D171869,3,6,1,1,0,0,1,,07-12-17,13400.00,0.00,,0000-00-00,0.00,894,,0,0,12,2017,0
895,WM1193060WPCT07D171870,3,6,1,1,0,0,1,,07-12-17,13400.00,0.00,,0000-00-00,0.00,895,,0,0,12,2017,0
896,WM1194060WPCT14D171874,3,6,1,1,0,0,1,,14-12-17,13400.00,0.00,,0000-00-00,0.00,896,,0,0,12,2017,0
897,WM1195060WPCT15D171876,3,6,1,1,0,0,1,,15-12-17,13400.00,0.00,,0000-00-00,0.00,897,,0,0,12,2017,0
898,WM1196060WPCT20D171881,3,6,1,1,0,0,1,,20-12-17,13400.00,0.00,,0000-00-00,0.00,898,,0,0,12,2017,0
899,WM1197060WPMG27D171884,3,6,1,1,0,0,1,,27-12-17,13400.00,0.00,,0000-00-00,0.00,899,,0,0,12,2017,0
900,WM1198060WPCT21D171885,3,6,1,1,0,0,1,,21-12-17,13400.00,0.00,,0000-00-00,0.00,900,,0,0,12,2017,0
928,MT1067SSMNITE14D171928,29,29,1,1,0,0,11,,14-12-17,3500.00,0.00,,0000-00-00,0.00,928,,0,0,12,2017,0
946,IS1001020PRRS239171947,41,32,1,1,0,0,1,,23-09-17,1900.00,0.00,,0000-00-00,0.00,946,,0,0,9,2017,0
947,IS1002020PRRS239171948,41,32,1,1,0,0,1,,23-09-17,1900.00,0.00,,0000-00-00,0.00,947,,0,0,9,2017,0
